City_ID,City,Lat,Lng,Max Temp,Humidity,Cloudiness,Wind Speed,Country,Date
0,Hue,16.4667,107.6,84.31,79,20,4.61,VN,2021-07-15 00:18:00
1,Homer,59.6425,-151.5483,66.07,74,75,11.5,US,2021-07-15 00:20:45
2,Arraial Do Cabo,-22.9661,-42.0278,71.56,83,0,11.5,BR,2021-07-15 00:20:45
3,Barrow,71.2906,-156.7887,37.42,75,75,9.22,US,2021-07-15 00:17:10
4,Nikolskoye,59.7035,30.7861,71.49,91,100,0.98,RU,2021-07-15 00:20:46
5,Tommot,58.9564,126.2925,69.06,65,100,8.34,RU,2021-07-15 00:20:46
6,Victoria,22.2855,114.1577,90.25,78,11,1.99,HK,2021-07-15 00:15:48
7,Bredasdorp,-34.5322,20.0403,43.92,81,79,8.05,ZA,2021-07-15 00:19:37
8,Albany,42.6001,-73.9662,75.61,94,19,4.56,US,2021-07-15 00:20:20
9,Narodychi,51.2029,29.0823,70.32,82,1,6.64,UA,2021-07-15 00:20:47
10,Hithadhoo,-0.6,73.0833,82.02,75,94,8.41,MV,2021-07-15 00:20:47
11,Rikitea,-23.1203,-134.9692,73.11,71,0,7.67,PF,2021-07-15 00:20:09
12,Ushuaia,-54.8,-68.3,29.86,86,75,3.44,AR,2021-07-15 00:17:58
13,Ocampo,21.65,-101.5,72.28,56,81,15.14,MX,2021-07-15 00:20:47
14,Ribeira Grande,38.5167,-28.7,70.2,88,75,5.75,PT,2021-07-15 00:20:47
15,Koutiala,12.3917,-5.4642,79.97,65,100,7.11,ML,2021-07-15 00:20:48
16,Hobart,-42.8794,147.3294,51.26,92,75,1.01,AU,2021-07-15 00:16:10
17,Mataura,-46.1927,168.8643,46.47,74,82,0.49,NZ,2021-07-15 00:20:48
18,Esperance,-33.8667,121.9,49.84,70,66,33.6,AU,2021-07-15 00:18:21
19,Punta Arenas,-53.15,-70.9167,37.51,93,90,3.44,CL,2021-07-15 00:19:04
20,Pleasanton,37.6624,-121.8747,88.52,42,1,1.99,US,2021-07-15 00:20:41
21,Vaini,-21.2,-175.2,71.76,94,90,12.66,TO,2021-07-15 00:20:48
22,Nome,64.5011,-165.4064,55.17,85,80,14.09,US,2021-07-15 00:20:49
23,Kapaa,22.0752,-159.319,84.18,79,75,3.0,US,2021-07-15 00:20:49
24,Belen,36.4891,36.2233,75.34,65,0,18.41,TR,2021-07-15 00:20:49
25,Kamenka,51.3223,42.7678,66.4,88,5,7.72,RU,2021-07-15 00:20:49
26,Tecoanapa,16.5167,-98.75,82.47,79,72,4.81,MX,2021-07-15 00:20:50
27,Karratha,-20.7377,116.8463,65.07,57,16,13.09,AU,2021-07-15 00:20:50
28,Hasaki,35.7333,140.8333,77.4,86,90,7.09,JP,2021-07-15 00:20:50
29,Tumaco,1.7986,-78.8156,76.77,84,76,7.87,CO,2021-07-15 00:20:50
30,George,-33.963,22.4617,44.15,76,0,5.75,ZA,2021-07-15 00:20:51
31,Mar Del Plata,-38.0023,-57.5575,51.13,71,75,5.99,AR,2021-07-15 00:20:51
32,Nanortalik,60.1432,-45.2371,46.45,82,16,8.37,GL,2021-07-15 00:20:51
33,Thompson,55.7435,-97.8558,84.15,20,31,3.98,CA,2021-07-15 00:16:43
34,Baie-Comeau,49.2168,-68.1489,62.56,100,99,5.06,CA,2021-07-15 00:20:51
35,Tiznit,29.5833,-9.5,73.98,49,23,1.81,MA,2021-07-15 00:20:52
36,Sao Jose Da Coroa Grande,-8.8978,-35.1478,75.36,87,18,10.31,BR,2021-07-15 00:20:52
37,Namibe,-15.1961,12.1522,65.25,82,54,7.0,AO,2021-07-15 00:18:05
38,Upernavik,72.7868,-56.1549,39.79,97,100,16.91,GL,2021-07-15 00:20:52
39,Souillac,-20.5167,57.5167,66.58,82,20,4.61,MU,2021-07-15 00:20:52
40,Jiaocheng,24.6774,116.1389,83.93,76,27,1.81,CN,2021-07-15 00:20:53
41,Buenos Aires,-34.6132,-58.3772,53.28,97,90,10.36,AR,2021-07-15 00:18:28
42,Paragominas,-2.9667,-47.4833,76.59,70,83,3.98,BR,2021-07-15 00:20:53
43,Bambous Virieux,-20.3428,57.7575,66.45,82,20,4.61,MU,2021-07-15 00:16:57
44,Jamestown,42.097,-79.2353,76.32,66,1,3.0,US,2021-07-15 00:20:53
45,Sao Filipe,14.8961,-24.4956,74.73,86,67,11.83,CV,2021-07-15 00:20:53
46,Saint-Philippe,-21.3585,55.7679,67.55,78,76,9.28,RE,2021-07-15 00:20:54
47,Aden,12.7794,45.0367,86.77,73,100,10.71,YE,2021-07-15 00:20:54
48,San Jose,37.3394,-121.895,89.53,45,1,12.66,US,2021-07-15 00:18:56
49,Severo-Yeniseyskiy,60.3725,93.0408,63.28,69,61,3.02,RU,2021-07-15 00:20:54
50,Avarua,-21.2078,-159.775,82.45,74,40,10.36,CK,2021-07-15 00:20:16
51,Port Elizabeth,-33.918,25.5701,41.29,87,0,5.75,ZA,2021-07-15 00:19:58
52,Derbent,42.0678,48.2899,72.41,65,76,5.93,RU,2021-07-15 00:20:55
53,Murmashi,68.8154,32.8115,45.01,100,0,2.24,RU,2021-07-15 00:20:55
54,Sola,-13.8833,167.55,84.87,79,75,9.22,VU,2021-07-15 00:18:13
55,Mahibadhoo,3.7833,72.9667,81.77,78,97,11.54,MV,2021-07-15 00:17:50
56,Maues,-3.3836,-57.7186,77.38,78,84,2.77,BR,2021-07-15 00:20:55
57,Mahebourg,-20.4081,57.7,66.49,82,20,4.61,MU,2021-07-15 00:20:55
58,Petropavlovsk-Kamchatskiy,53.0452,158.6483,64.99,63,75,8.95,RU,2021-07-15 00:20:56
59,Tiksi,71.6872,128.8694,43.23,68,93,21.25,RU,2021-07-15 00:20:56
60,Seymchan,62.8833,152.4333,72.75,41,100,8.48,RU,2021-07-15 00:20:56
61,Grindavik,63.8424,-22.4338,49.55,87,75,11.5,IS,2021-07-15 00:18:27
62,Geraldton,-28.7667,114.6,61.21,63,75,13.8,AU,2021-07-15 00:17:30
63,Itaituba,-4.2761,-55.9836,83.5,47,65,1.77,BR,2021-07-15 00:20:56
64,Busselton,-33.65,115.3333,50.04,64,95,25.19,AU,2021-07-15 00:20:57
65,Atuona,-9.8,-139.0333,78.3,67,10,22.55,PF,2021-07-15 00:20:57
66,Coquimbo,-29.9533,-71.3436,53.33,87,0,4.61,CL,2021-07-15 00:16:28
67,Remontnoye,46.5614,43.6501,72.01,42,28,6.71,RU,2021-07-15 00:20:57
68,Saint George,37.1041,-113.5841,102.67,26,1,7.0,US,2021-07-15 00:17:09
69,Charlestown,-32.95,151.6667,67.73,80,29,1.01,AU,2021-07-15 00:20:58
70,Georgetown,5.4112,100.3354,80.89,82,20,1.14,MY,2021-07-15 00:18:41
71,Leh,34.1667,77.5833,57.69,58,17,5.37,IN,2021-07-15 00:19:44
72,Inhambane,-23.865,35.3833,68.07,64,97,13.44,MZ,2021-07-15 00:20:58
73,Yellowknife,62.456,-114.3525,74.32,50,100,5.99,CA,2021-07-15 00:17:53
74,Bluff,-46.6,168.3333,46.8,58,87,6.96,NZ,2021-07-15 00:20:58
75,Floro,61.5996,5.0328,63.23,82,90,13.8,NO,2021-07-15 00:20:58
76,Longyearbyen,78.2186,15.6401,42.64,87,75,3.44,SJ,2021-07-15 00:16:57
77,Onguday,50.75,86.15,56.25,90,39,4.72,RU,2021-07-15 00:20:59
78,Cam Ranh,11.9214,109.1591,76.96,94,75,1.14,VN,2021-07-15 00:20:59
79,Kloulklubed,7.0419,134.2556,84.7,75,100,12.03,PW,2021-07-15 00:20:59
80,Necochea,-38.5473,-58.7368,42.04,70,97,9.17,AR,2021-07-15 00:20:59
81,Chuy,-33.6971,-53.4616,54.21,97,100,12.03,UY,2021-07-15 00:17:58
82,Darhan,49.4867,105.9228,66.54,73,6,4.74,MN,2021-07-15 00:21:00
83,General Roca,-39.0333,-67.5833,52.2,47,20,14.99,AR,2021-07-15 00:19:42
84,Hornepayne,49.2138,-84.7705,70.03,53,37,2.93,CA,2021-07-15 00:21:00
85,Sorland,67.667,12.6934,56.35,87,84,4.54,NO,2021-07-15 00:21:00
86,San Quintin,30.4833,-115.95,73.63,71,2,10.63,MX,2021-07-15 00:21:01
87,Saskylakh,71.9167,114.0833,48.88,55,100,19.82,RU,2021-07-15 00:21:01
88,Monte Azul,-15.155,-42.8747,67.64,67,32,6.76,BR,2021-07-15 00:21:01
89,Hermanus,-34.4187,19.2345,48.9,75,65,6.93,ZA,2021-07-15 00:21:01
90,Nouadhibou,20.931,-17.0347,69.78,88,1,10.36,MR,2021-07-15 00:21:02
91,Port Alfred,-33.5906,26.891,53.85,40,5,8.7,ZA,2021-07-15 00:21:02
92,Sur,22.5667,59.5289,84.42,74,100,3.78,OM,2021-07-15 00:21:02
93,Butaritari,3.0707,172.7902,83.44,77,7,13.71,KI,2021-07-15 00:21:02
94,Rio Gallegos,-51.6226,-69.2181,33.85,93,75,10.36,AR,2021-07-15 00:21:03
95,Asyut,27.181,31.1837,83.57,26,21,6.55,EG,2021-07-15 00:17:32
96,Prince Rupert,54.3161,-130.3201,59.29,67,100,3.65,CA,2021-07-15 00:21:03
97,Qaanaaq,77.484,-69.3632,38.59,98,100,2.53,GL,2021-07-15 00:21:03
98,Hami,42.8,93.45,80.35,38,99,8.52,CN,2021-07-15 00:21:04
99,Lata,40.1629,-8.3327,64.81,64,82,3.27,PT,2021-07-15 00:21:04
100,Hofn,64.2539,-15.2082,52.56,65,58,8.14,IS,2021-07-15 00:21:04
101,Vestmannaeyjar,63.4427,-20.2734,50.56,84,68,23.91,IS,2021-07-15 00:21:04
102,Cherskiy,68.75,161.3,66.58,48,21,11.88,RU,2021-07-15 00:21:05
103,Yumen,40.2833,97.2,74.97,41,87,2.64,CN,2021-07-15 00:21:05
104,Luderitz,-26.6481,15.1594,56.79,37,0,7.76,NA,2021-07-15 00:21:05
105,Bengkulu,-3.8004,102.2655,74.71,74,98,3.91,ID,2021-07-15 00:21:05
106,New Norfolk,-42.7826,147.0587,50.92,90,75,2.86,AU,2021-07-15 00:21:06
107,Fortuna,40.5982,-124.1573,86.18,87,90,1.99,US,2021-07-15 00:21:06
108,Leshukonskoye,64.8989,45.7622,57.42,93,40,2.42,RU,2021-07-15 00:20:17
109,Yatou,37.15,122.3833,77.29,92,95,14.38,CN,2021-07-15 00:21:06
110,Torbay,47.6666,-52.7314,63.88,82,4,15.52,CA,2021-07-15 00:18:08
111,Muttupet,10.4,79.4833,82.18,71,100,2.01,IN,2021-07-15 00:21:06
112,Padang,-0.9492,100.3543,71.65,73,92,3.76,ID,2021-07-15 00:21:07
113,Cape Town,-33.9258,18.4232,49.12,76,0,8.05,ZA,2021-07-15 00:21:07
114,Vao,-22.6667,167.4833,69.64,62,96,16.98,NC,2021-07-15 00:18:24
115,Suna,57.8338,50.0588,58.17,67,17,4.25,RU,2021-07-15 00:21:07
116,Boca Do Acre,-8.7522,-67.3978,80.29,51,13,2.62,BR,2021-07-15 00:21:07
117,Haukipudas,65.1765,25.3523,59.05,95,81,2.21,FI,2021-07-15 00:16:08
118,Barra Do Garcas,-15.89,-52.2567,72.79,35,0,0.65,BR,2021-07-15 00:21:08
119,Dauphin,51.1494,-100.0502,77.56,42,60,7.47,CA,2021-07-15 00:21:08
120,Ust-Nera,64.5667,143.2,68.81,54,54,9.44,RU,2021-07-15 00:21:08
121,Sitka,57.0531,-135.33,57.09,72,75,4.61,US,2021-07-15 00:21:09
122,Svetlyy,54.675,20.1347,71.65,86,35,13.73,RU,2021-07-15 00:21:09
123,Nenjiang,49.1833,125.2167,75.38,94,100,11.25,CN,2021-07-15 00:21:09
124,Steubenville,40.3698,-80.634,81.18,73,64,1.99,US,2021-07-15 00:21:09
125,Lompoc,34.6391,-120.4579,82.54,75,1,12.66,US,2021-07-15 00:16:43
126,Khandyga,62.6667,135.6,75.69,44,63,4.97,RU,2021-07-15 00:21:10
127,Vostok,46.4856,135.8833,79.77,68,100,1.99,RU,2021-07-15 00:17:56
128,Tulum,20.2167,-87.4667,84.97,80,94,6.67,MX,2021-07-15 00:21:10
129,Constitucion,-35.3333,-72.4167,47.79,81,0,7.78,CL,2021-07-15 00:17:22
130,Kudahuvadhoo,2.6708,72.8944,81.95,74,87,7.87,MV,2021-07-15 00:21:10
131,Ozernovskiy,51.5,156.5167,49.55,99,100,10.51,RU,2021-07-15 00:21:10
132,Mount Pleasant,32.7941,-79.8626,85.17,73,1,3.0,US,2021-07-15 00:19:29
133,Dikson,73.5069,80.5464,35.69,96,100,12.59,RU,2021-07-15 00:16:13
134,Khatanga,71.9667,102.5,45.16,77,100,19.26,RU,2021-07-15 00:19:15
135,Hilo,19.7297,-155.09,82.13,74,40,11.5,US,2021-07-15 00:19:49
136,Bubaque,11.2833,-15.8333,79.9,84,88,13.38,GW,2021-07-15 00:21:11
137,Gombong,-7.6072,109.5142,73.11,84,96,4.76,ID,2021-07-15 00:17:07
138,Nelson Bay,-32.7167,152.15,66.0,76,27,9.28,AU,2021-07-15 00:18:14
139,Ostrovnoy,68.0531,39.5131,49.71,97,100,17.58,RU,2021-07-15 00:16:57
140,Tazovskiy,67.4667,78.7,46.24,68,27,3.33,RU,2021-07-15 00:21:11
141,Pisco,-13.7,-76.2167,64.45,82,26,12.66,PE,2021-07-15 00:21:12
142,Yar-Sale,66.8333,70.8333,48.22,60,5,5.61,RU,2021-07-15 00:21:12
143,Aksu,41.1231,80.2644,71.08,48,29,6.15,CN,2021-07-15 00:21:12
144,Havelock,34.8791,-76.9013,83.05,85,21,1.99,US,2021-07-15 00:16:54
145,Yulara,-25.2406,130.9889,57.04,72,43,4.61,AU,2021-07-15 00:19:56
146,Puerto Ayora,-0.7393,-90.3518,71.55,89,63,4.0,EC,2021-07-15 00:21:12
147,Tasiilaq,65.6145,-37.6368,41.16,96,100,3.11,GL,2021-07-15 00:16:45
148,Vallenar,-28.5708,-70.7581,56.37,60,0,0.69,CL,2021-07-15 00:21:13
149,Srednekolymsk,67.45,153.6833,72.55,42,23,9.22,RU,2021-07-15 00:19:30
150,Shipunovo,52.1582,82.2173,55.31,88,62,14.88,RU,2021-07-15 00:21:13
151,Katherine,-14.4667,132.2667,79.12,61,11,1.14,AU,2021-07-15 00:21:13
152,Hede,33.7681,120.2517,80.87,88,87,10.94,CN,2021-07-15 00:21:13
153,Dunedin,-45.8742,170.5036,49.8,58,97,7.0,NZ,2021-07-15 00:21:14
154,Maragogi,-9.0122,-35.2225,74.91,88,14,9.95,BR,2021-07-15 00:21:14
155,Machali,-34.1833,-70.6667,48.04,55,0,2.73,CL,2021-07-15 00:21:14
156,Henties Bay,-22.116,14.2845,57.27,68,0,0.49,NA,2021-07-15 00:21:14
157,Bar Harbor,44.3876,-68.2039,65.93,93,90,5.99,US,2021-07-15 00:16:40
158,Quang Ngai,15.1167,108.8,81.91,71,27,3.74,VN,2021-07-15 00:21:15
159,Fort Nelson,58.8053,-122.7002,75.42,41,70,6.29,CA,2021-07-15 00:21:15
160,Kavieng,-2.5744,150.7967,85.21,68,84,9.93,PG,2021-07-15 00:21:15
161,Furmanov,57.2508,41.1058,63.91,87,99,4.83,RU,2021-07-15 00:21:15
162,Roma,43.2128,-75.4557,77.67,79,1,4.61,US,2021-07-15 00:17:02
163,Ponta Do Sol,32.6667,-17.1,72.72,83,1,4.03,PT,2021-07-15 00:21:16
164,Filadelfia,39.9523,-75.1638,85.95,71,1,4.61,US,2021-07-15 00:21:06
165,Sibanicu,21.235,-77.5264,82.85,87,16,10.09,CU,2021-07-15 00:21:16
166,Praia Da Vitoria,38.7333,-27.0667,70.75,78,75,7.38,PT,2021-07-15 00:17:19
167,Tabas,33.5959,56.9244,90.91,17,46,4.25,IR,2021-07-15 00:16:21
168,Cabo San Lucas,22.8909,-109.9124,94.6,53,1,8.99,MX,2021-07-15 00:21:16
169,Leningradskiy,69.3833,178.4167,46.18,88,99,8.21,RU,2021-07-15 00:21:17
170,Faanui,-16.4833,-151.75,79.5,76,58,18.37,PF,2021-07-15 00:21:17
171,Severnyy,50.677,36.5532,73.44,53,0,4.47,RU,2021-07-15 00:21:17
172,Anqing,30.5092,117.0506,87.57,65,79,1.95,CN,2021-07-15 00:21:17
173,Miles City,46.4083,-105.8406,85.17,28,1,0.0,US,2021-07-15 00:21:18
174,Iqaluit,63.7506,-68.5145,49.69,81,27,4.0,CA,2021-07-15 00:21:18
175,Kodiak,57.79,-152.4072,56.71,67,1,5.75,US,2021-07-15 00:21:18
176,Mbanza-Ngungu,-5.25,14.8667,66.78,51,27,4.52,CD,2021-07-15 00:21:18
177,Carnarvon,-24.8667,113.6333,55.47,57,57,3.44,AU,2021-07-15 00:19:30
178,Beni,0.5,29.4667,61.02,93,100,2.8,CD,2021-07-15 00:17:02
179,Pevek,69.7008,170.3133,40.3,89,100,2.17,RU,2021-07-15 00:21:19
180,Sungaipenuh,-2.0833,101.3833,63.9,69,100,1.83,ID,2021-07-15 00:21:19
181,Airai,-8.9266,125.4092,65.12,59,99,3.83,TL,2021-07-15 00:21:19
182,Hayden,47.766,-116.7866,100.98,18,1,5.75,US,2021-07-15 00:20:37
183,Shuiji,27.4214,118.345,84.29,75,91,2.24,CN,2021-07-15 00:21:19
184,Clyde River,70.4692,-68.5914,45.66,67,10,3.02,CA,2021-07-15 00:21:20
185,Kalabo,-14.97,22.6814,57.06,39,17,10.02,ZM,2021-07-15 00:21:20
186,Lunenburg,44.3835,-64.3155,66.42,90,92,9.06,CA,2021-07-15 00:21:20
187,Matara,5.9485,80.5353,76.8,91,87,8.79,LK,2021-07-15 00:21:20
188,Gimli,50.6336,-96.9907,83.43,44,37,6.71,CA,2021-07-15 00:21:21
189,Shellbrook,53.2168,-106.4011,79.61,41,45,5.77,CA,2021-07-15 00:21:21
190,Kenitra,34.261,-6.5802,69.84,85,0,9.51,MA,2021-07-15 00:21:21
191,Provideniya,64.3833,-173.3,48.31,81,40,17.9,RU,2021-07-15 00:21:22
192,Fairbanks,64.8378,-147.7164,64.36,73,90,10.36,US,2021-07-15 00:16:24
193,Iroquois Falls,48.7669,-80.6831,63.9,85,96,4.43,CA,2021-07-15 00:21:22
194,Lorengau,-2.0226,147.2712,84.76,71,72,8.59,PG,2021-07-15 00:21:22
195,Korla,41.7597,86.1469,76.51,39,58,2.17,CN,2021-07-15 00:21:22
196,Lipovtsy,44.2014,131.7244,76.21,77,100,13.09,RU,2021-07-15 00:21:23
197,Sao Joao Da Barra,-21.6403,-41.0511,72.07,90,37,14.34,BR,2021-07-15 00:21:23
198,Awbari,26.5921,12.7805,85.91,20,0,7.65,LY,2021-07-15 00:21:23
199,Isangel,-19.55,169.2667,77.11,73,75,11.5,VU,2021-07-15 00:21:23
200,Tuktoyaktuk,69.4541,-133.0374,38.43,71,100,22.28,CA,2021-07-15 00:21:23
201,Spas-Demensk,54.4122,34.0226,67.06,82,94,0.96,RU,2021-07-15 00:21:24
202,Monroe,43.1501,-77.6831,79.18,77,20,0.0,US,2021-07-15 00:20:06
203,Alekseyevsk,57.8406,108.3492,64.8,90,100,4.88,RU,2021-07-15 00:21:24
204,Cradock,-32.1642,25.6192,37.18,42,0,4.99,ZA,2021-07-15 00:21:24
205,Zhuhai,22.2769,113.5678,89.98,74,20,3.44,CN,2021-07-15 00:16:42
206,Russell,32.3502,-85.1999,85.51,78,75,0.0,US,2021-07-15 00:21:25
207,Bethel,41.3712,-73.414,80.89,84,52,4.5,US,2021-07-15 00:19:21
208,East London,-33.0153,27.9116,52.77,52,0,7.34,ZA,2021-07-15 00:21:25
209,Zamora,-4.0692,-78.9567,65.62,98,28,1.21,EC,2021-07-15 00:21:25
210,Chokurdakh,70.6333,147.9167,43.36,83,100,18.52,RU,2021-07-15 00:21:25
211,Vila Franca Do Campo,37.7167,-25.4333,66.61,81,23,2.86,PT,2021-07-15 00:21:26
212,Kasama,-10.2129,31.1808,55.56,70,9,3.49,ZM,2021-07-15 00:18:08
213,Touros,-5.1989,-35.4608,76.1,81,91,13.35,BR,2021-07-15 00:21:26
214,Aviles,43.5547,-5.9248,60.19,88,0,0.0,ES,2021-07-15 00:21:26
215,Bose,45.4612,8.0137,63.07,89,100,5.99,IT,2021-07-15 00:21:26
216,Ternate,0.8,127.4,78.04,86,100,5.35,ID,2021-07-15 00:21:27
217,Tuatapere,-46.1333,167.6833,46.81,72,80,1.99,NZ,2021-07-15 00:21:27
218,Rio Viejo,8.5874,-73.839,84.38,64,89,2.33,CO,2021-07-15 00:21:27
219,Lebu,-37.6167,-73.65,48.69,81,25,2.89,CL,2021-07-15 00:21:27
220,Carutapera,-1.195,-46.02,76.01,92,36,8.57,BR,2021-07-15 00:21:28
221,Verkhoyansk,67.5447,133.385,55.06,50,61,6.38,RU,2021-07-15 00:21:28
222,Mayo,38.8876,-76.5119,85.57,85,1,4.0,US,2021-07-15 00:21:14
223,Isla Mujeres,21.2311,-86.731,86.16,77,92,9.06,MX,2021-07-15 00:21:28
224,Koupela,12.1794,-0.3517,82.09,62,21,11.68,BF,2021-07-15 00:21:28
225,Lakes Entrance,-37.8811,147.981,63.18,66,65,8.28,AU,2021-07-15 00:21:29
226,Taltal,-25.4,-70.4833,57.83,77,0,2.91,CL,2021-07-15 00:21:29
227,Ancud,-41.8697,-73.8203,46.22,79,78,4.97,CL,2021-07-15 00:19:43
228,Togur,58.3631,82.8265,61.14,94,17,7.99,RU,2021-07-15 00:21:29
229,Farafenni,13.5667,-15.6,80.01,78,39,9.98,GM,2021-07-15 00:21:29
230,Anadyr,64.75,177.4833,63.1,63,0,2.24,RU,2021-07-15 00:16:41
231,Castro,-24.7911,-50.0119,56.03,62,62,3.6,BR,2021-07-15 00:21:30
232,Kapit,2.0167,112.9333,71.28,99,100,1.72,MY,2021-07-15 00:21:30
233,Thai Binh,20.45,106.3333,80.6,76,92,10.18,VN,2021-07-15 00:18:17
234,Guerrero Negro,27.9769,-114.0611,75.58,63,100,17.43,MX,2021-07-15 00:21:31
235,Kondopoga,62.2057,34.2614,62.28,70,84,2.33,RU,2021-07-15 00:21:31
236,Cochrane,51.1834,-114.4687,89.42,33,17,8.88,CA,2021-07-15 00:16:43
237,Tautira,-17.7333,-149.15,86.02,67,17,16.49,PF,2021-07-15 00:17:00
238,Rockhampton,-23.3833,150.5,73.29,73,90,4.61,AU,2021-07-15 00:21:32
239,Yablonovo,50.8523,37.3574,73.26,64,0,3.27,RU,2021-07-15 00:21:32
240,San Cristobal,7.7669,-72.225,77.18,90,41,3.22,VE,2021-07-15 00:21:32
241,Kahului,20.8947,-156.47,88.54,70,40,26.46,US,2021-07-15 00:21:33
242,Bol,13.4586,14.7147,80.28,68,75,2.1,TD,2021-07-15 00:21:33
243,Aklavik,68.2191,-135.0107,40.78,65,99,19.3,CA,2021-07-15 00:21:33
244,Emerald,-23.5333,148.1667,66.34,84,35,10.13,AU,2021-07-15 00:21:34
245,Vila Do Maio,15.1333,-23.2167,77.79,88,8,14.72,CV,2021-07-15 00:18:38
246,La Ronge,55.1001,-105.2842,73.53,35,12,5.84,CA,2021-07-15 00:21:34
247,Guaratinga,-16.5667,-39.5667,72.27,96,9,1.7,BR,2021-07-15 00:21:34
248,Lagoa,39.05,-27.9833,68.36,84,100,14.14,PT,2021-07-15 00:21:35
249,Kavaratti,10.5669,72.642,82.8,81,99,18.72,IN,2021-07-15 00:17:39
250,Port Blair,11.6667,92.75,80.51,84,82,7.38,IN,2021-07-15 00:21:32
251,Kamalganj,27.2667,79.65,87.26,64,99,10.11,IN,2021-07-15 00:20:19
252,Dajal,29.5577,70.3762,93.67,55,22,11.7,PK,2021-07-15 00:21:35
253,Cidreira,-30.1811,-50.2056,61.7,82,42,10.11,BR,2021-07-15 00:21:35
254,Kaitangata,-46.2817,169.8464,48.92,60,77,4.18,NZ,2021-07-15 00:20:02
255,Caravelas,-17.7125,-39.2481,70.84,88,0,4.38,BR,2021-07-15 00:21:36
256,Norman Wells,65.282,-126.8329,49.75,81,98,12.57,CA,2021-07-15 00:21:36
257,Bambanglipuro,-7.95,110.2833,58.6,82,100,6.89,ID,2021-07-15 00:21:36
258,Riohacha,11.5444,-72.9072,82.67,70,25,18.14,CO,2021-07-15 00:21:36
259,Ahipara,-35.1667,173.1667,56.88,58,7,6.98,NZ,2021-07-15 00:17:03
260,Bagru,26.8088,75.5423,82.74,61,75,11.88,IN,2021-07-15 00:21:37
261,Vanimo,-2.6741,141.3028,84.18,71,75,6.02,PG,2021-07-15 00:20:52
262,Nouakchott,18.0858,-15.9785,76.93,84,2,12.91,MR,2021-07-15 00:18:30
263,Kenai,60.5544,-151.2583,66.02,74,1,11.5,US,2021-07-15 00:21:37
264,Vestmanna,62.1564,-7.1664,50.92,87,90,21.85,FO,2021-07-15 00:21:37
265,Kushmurun,52.4503,64.6311,49.26,69,58,9.01,KZ,2021-07-15 00:21:37
266,Camacha,33.0833,-16.3333,66.96,77,75,14.97,PT,2021-07-15 00:21:38
267,Ulladulla,-35.35,150.4667,64.09,60,5,8.75,AU,2021-07-15 00:21:38
268,Mehamn,71.0357,27.8492,47.68,90,70,4.85,NO,2021-07-15 00:17:14
269,Avera,33.194,-82.5271,80.47,63,84,5.08,US,2021-07-15 00:21:38
270,Pundaguitan,6.3711,126.1689,82.62,75,82,3.85,PH,2021-07-15 00:21:38
271,Salto,-31.3833,-57.9667,57.87,100,99,7.0,UY,2021-07-15 00:18:28
272,Gumdag,39.2061,54.5906,83.93,29,96,9.35,TM,2021-07-15 00:21:39
273,Mount Isa,-20.7333,139.5,80.37,47,61,13.8,AU,2021-07-15 00:20:56
274,Owase,34.0667,136.2,78.67,81,81,2.73,JP,2021-07-15 00:21:39
275,Kasongo-Lunda,-6.4667,16.8167,66.65,29,46,1.79,CD,2021-07-15 00:21:39
276,Eureka,40.8021,-124.1637,76.68,79,50,4.0,US,2021-07-15 00:19:48
277,Puerto Madryn,-42.7692,-65.0385,48.87,51,63,11.95,AR,2021-07-15 00:20:53
278,Nadym,65.5333,72.5167,51.75,55,100,6.42,RU,2021-07-15 00:21:40
279,Yilan,24.757,121.753,91.51,68,88,4.54,TW,2021-07-15 00:21:40
280,Jacareacanga,-6.2222,-57.7528,78.55,48,9,0.96,BR,2021-07-15 00:20:50
281,Nemuro,43.3236,145.575,72.03,96,86,5.57,JP,2021-07-15 00:21:32
282,Chimore,-16.9833,-65.1333,78.08,64,95,2.01,BO,2021-07-15 00:21:40
283,Pangnirtung,66.1451,-65.7125,50.22,67,85,7.11,CA,2021-07-15 00:21:41
284,Bandarbeyla,9.4942,50.8122,78.89,74,60,25.9,SO,2021-07-15 00:21:41
285,Saint Cloud,45.5608,-94.1625,74.68,83,1,1.01,US,2021-07-15 00:21:41
286,Sioux Lookout,50.1001,-91.917,75.18,30,38,6.31,CA,2021-07-15 00:21:41
287,San Ramon,37.7799,-121.978,88.02,50,1,5.01,US,2021-07-15 00:19:55
288,Brae,60.3964,-1.353,55.31,88,100,22.41,GB,2021-07-15 00:21:42
289,Bay Saint Louis,30.3088,-89.33,84.27,75,40,8.05,US,2021-07-15 00:21:42
290,Casambalangan,18.3765,122.1274,84.51,74,31,2.21,PH,2021-07-15 00:21:42
291,Chanute,37.6792,-95.4572,87.91,55,1,14.97,US,2021-07-15 00:17:39
292,Smolenka,52.1352,113.4974,64.47,94,40,6.71,RU,2021-07-15 00:21:42
293,Berbera,10.4396,45.0143,89.26,44,93,22.95,SO,2021-07-15 00:21:43
294,Beloha,-25.1667,45.05,65.89,81,49,9.91,MG,2021-07-15 00:21:11
295,Ciudad Bolivar,8.1222,-63.5497,78.94,79,95,10.51,VE,2021-07-15 00:17:49
296,Teguise,29.0605,-13.564,66.42,83,20,20.71,ES,2021-07-15 00:21:43
297,Kisangani,0.5167,25.2,76.69,62,99,2.89,CD,2021-07-15 00:21:43
298,Moose Factory,51.2585,-80.6094,59.92,53,77,5.46,CA,2021-07-15 00:21:44
299,Porto Walter,-8.2686,-72.7439,80.73,60,90,2.44,BR,2021-07-15 00:21:44
300,Sindor,62.8629,51.8905,55.9,97,100,3.06,RU,2021-07-15 00:21:44
301,North Bend,43.4065,-124.2243,71.24,75,90,16.11,US,2021-07-15 00:21:44
302,Saint-Pierre,-21.3393,55.4781,67.64,80,0,4.61,RE,2021-07-15 00:21:45
303,Salalah,17.0151,54.0924,80.69,89,75,8.05,OM,2021-07-15 00:21:45
304,Sahuaripa,29.05,-109.2333,95.63,37,13,10.67,MX,2021-07-15 00:21:45
305,Kolpashevo,58.3131,82.9089,60.96,95,18,7.76,RU,2021-07-15 00:21:45
306,Jega,12.2175,4.3792,84.9,61,92,11.48,NG,2021-07-15 00:21:46
307,Vardo,70.3705,31.1107,49.57,90,98,1.3,NO,2021-07-15 00:21:46
308,Sonthofen,47.5167,10.2833,55.29,92,69,1.01,DE,2021-07-15 00:21:46
309,Palu,-0.8917,119.8707,78.58,93,100,1.21,ID,2021-07-15 00:21:46
310,Telsiai,55.9814,22.2472,67.32,89,2,2.84,LT,2021-07-15 00:21:46
311,Shirokiy,49.758,129.523,74.73,97,100,10.36,RU,2021-07-15 00:21:47
312,Chapleau,47.8405,-83.4034,68.32,75,99,3.24,CA,2021-07-15 00:21:47
313,Anloga,5.7947,0.8973,77.13,83,47,13.11,GH,2021-07-15 00:21:47
314,Kuah,6.3265,99.8432,78.8,100,40,3.44,MY,2021-07-15 00:21:48
315,Atar,20.5169,-13.0499,92.86,27,1,13.53,MR,2021-07-15 00:21:48
316,Zhigansk,66.7697,123.3711,54.16,42,1,10.6,RU,2021-07-15 00:19:03
317,Chiang Khong,20.2613,100.4046,77.32,99,72,1.12,TH,2021-07-15 00:21:48
318,Birin,26.8865,88.0718,63.28,92,98,2.33,NP,2021-07-15 00:21:48
319,Fuerte Olimpo,-21.0415,-57.8738,78.44,33,93,5.53,PY,2021-07-15 00:21:49
320,Kenora,49.8167,-94.4337,75.18,31,68,5.86,CA,2021-07-15 00:21:49
321,Pochutla,15.7432,-96.4661,86.83,81,99,3.76,MX,2021-07-15 00:21:49
322,Ulaangom,49.9811,92.0667,70.59,47,67,2.73,MN,2021-07-15 00:21:49
323,Owando,-0.4819,15.8999,76.32,61,95,3.0,CG,2021-07-15 00:21:49
324,Placido De Castro,-10.3353,-67.1856,80.96,45,11,0.92,BR,2021-07-15 00:21:50
325,Hun,29.1268,15.9477,82.42,29,0,7.2,LY,2021-07-15 00:21:50
326,Hwange,-18.3693,26.5019,58.06,71,3,7.4,ZW,2021-07-15 00:21:50
327,Shingu,33.7333,135.9833,83.39,74,80,2.84,JP,2021-07-15 00:21:51
328,Novi Sanzhary,49.3439,34.3108,69.1,60,0,2.21,UA,2021-07-15 00:21:51
329,Margate,51.3813,1.3862,64.87,83,2,5.99,GB,2021-07-15 00:21:51
330,Nisporeni,47.0814,28.1783,73.85,64,0,4.27,MD,2021-07-15 00:21:51
331,Saint-Augustin,51.226,-58.6502,66.69,51,88,17.22,CA,2021-07-15 00:21:23
332,Teya,60.3778,92.6267,66.0,70,54,2.37,RU,2021-07-15 00:21:52
333,Harper,4.375,-7.7169,76.39,74,100,5.68,LR,2021-07-15 00:21:52
334,Puerto Escondido,15.85,-97.0667,79.63,65,90,6.91,MX,2021-07-15 00:21:52
335,Ouargaye,11.5033,0.0572,80.67,66,25,8.75,BF,2021-07-15 00:21:52
336,Ambatofinandrahana,-20.55,46.8,47.88,95,6,3.74,MG,2021-07-15 00:21:53
337,Alvaraes,-3.2208,-64.8042,75.0,93,55,2.06,BR,2021-07-15 00:21:53
338,Saldanha,-33.0117,17.9442,41.05,69,16,4.56,ZA,2021-07-15 00:21:53
339,Caconda,-13.7333,15.0667,54.27,38,3,0.54,AO,2021-07-15 00:21:53
340,Venado Tuerto,-33.7456,-61.9688,49.78,73,91,6.98,AR,2021-07-15 00:21:54
341,Borger,52.9233,6.7931,67.84,95,100,10.6,NL,2021-07-15 00:21:54
342,Gornopravdinsk,60.05,69.9,45.48,94,100,13.33,RU,2021-07-15 00:21:54
343,Kuytun,54.3419,101.5036,65.17,65,53,3.2,RU,2021-07-15 00:21:54
344,Mukdahan,16.5833,104.5,74.95,91,84,5.03,TH,2021-07-15 00:21:55
345,Nantucket,41.2835,-70.0995,73.96,98,90,4.61,US,2021-07-15 00:21:55
346,Honiara,-9.4333,159.95,88.09,61,61,10.98,SB,2021-07-15 00:21:55
347,Turochak,52.2576,87.1224,59.9,97,77,3.74,RU,2021-07-15 00:21:15
348,Severo-Kurilsk,50.6789,156.125,52.54,93,100,14.7,RU,2021-07-15 00:21:55
349,Liaozhong,41.5061,122.7242,85.33,88,100,8.28,CN,2021-07-15 00:21:56
350,Katsuura,35.1333,140.3,81.19,80,92,4.94,JP,2021-07-15 00:21:56
351,Bowen,-20.0167,148.2333,74.14,77,61,8.32,AU,2021-07-15 00:21:56
352,Northam,51.0333,-4.2167,59.31,93,27,6.44,GB,2021-07-15 00:19:25
353,Batagay-Alyta,67.8006,130.4114,52.74,56,30,7.94,RU,2021-07-15 00:21:56
354,Benguela,-12.5763,13.4055,68.0,88,10,5.61,AO,2021-07-15 00:21:57
355,Alyangula,-13.8483,136.4192,78.24,72,43,6.15,AU,2021-07-15 00:21:37
356,Portland,45.5234,-122.6762,88.39,47,40,1.99,US,2021-07-15 00:18:29
357,Sylacauga,33.1732,-86.2516,86.22,72,90,3.44,US,2021-07-15 00:21:57
358,Naples,40.8333,14.25,72.75,72,0,1.01,IT,2021-07-15 00:20:09
359,Labuhan,-6.8844,112.2051,76.66,73,99,12.03,ID,2021-07-15 00:21:57
360,Lovrenc Na Pohorju,46.5406,15.3931,61.34,79,0,5.48,SI,2021-07-15 00:21:58
361,Hambantota,6.1241,81.1185,78.64,81,92,13.15,LK,2021-07-15 00:21:58
362,Tirumullaivasal,11.2333,79.8333,80.2,75,100,10.49,IN,2021-07-15 00:21:58
363,Mecca,21.4267,39.8261,86.9,23,35,3.65,SA,2021-07-15 00:21:58
364,Teahupoo,-17.8333,-149.2667,80.56,68,13,16.69,PF,2021-07-15 00:19:28
365,Presidencia Roque Saenz Pena,-26.7852,-60.4388,64.27,86,89,10.8,AR,2021-07-15 00:21:59
366,Anito,12.4497,125.2886,81.61,81,57,2.71,PH,2021-07-15 00:21:59
367,Raymondville,26.4815,-97.7831,87.91,64,94,14.2,US,2021-07-15 00:21:59
368,Watertown,42.3709,-71.1828,79.7,88,20,1.01,US,2021-07-15 00:20:00
369,La Libertad,-2.2333,-80.9,69.76,87,99,8.63,EC,2021-07-15 00:21:59
370,Alexandria,31.2156,29.9553,78.71,69,0,10.13,EG,2021-07-15 00:18:07
371,Wake Forest,35.9799,-78.5097,83.77,76,1,0.0,US,2021-07-15 00:22:00
372,Vikhorevka,56.1201,101.1636,71.19,63,61,0.54,RU,2021-07-15 00:22:00
373,Gwanda,-20.9333,29.0,51.03,92,100,10.92,ZW,2021-07-15 00:18:35
374,Ballina,-28.8667,153.5667,65.79,71,100,9.53,AU,2021-07-15 00:22:00
375,Peniche,39.3558,-9.3811,74.73,87,53,13.27,PT,2021-07-15 00:22:01
376,Arlit,18.7369,7.3853,91.0,33,81,11.16,NE,2021-07-15 00:22:01
377,Baikunthpur,23.25,82.55,76.51,84,89,4.68,IN,2021-07-15 00:22:01
378,Rairangpur,22.2676,86.1751,77.45,90,99,1.99,IN,2021-07-15 00:22:01
379,Batemans Bay,-35.7167,150.1833,61.99,57,28,6.85,AU,2021-07-15 00:22:02
380,Jian,27.1172,114.9793,85.73,61,53,6.33,CN,2021-07-15 00:21:57
381,Male,4.1748,73.5089,81.5,79,99,12.57,MV,2021-07-15 00:22:02
382,Lakhisarai,25.1768,86.0932,82.83,78,74,7.85,IN,2021-07-15 00:22:02
383,Morant Bay,17.8815,-76.4093,83.82,85,5,8.19,JM,2021-07-15 00:22:03
384,Tshikapa,-6.4167,20.8,67.82,27,21,1.68,CD,2021-07-15 00:22:03
385,Umm Kaddadah,13.6017,26.6876,80.24,54,83,5.41,SD,2021-07-15 00:22:03
386,Whithorn,18.2604,-78.0378,83.46,79,0,0.78,JM,2021-07-15 00:22:03
387,Mandali,33.7499,45.5541,93.4,14,0,5.66,IQ,2021-07-15 00:22:04
388,Miyazu,35.5333,135.1833,79.0,81,100,4.16,JP,2021-07-15 00:22:04
389,Atoyac,20.0167,-103.5333,77.36,78,97,2.53,MX,2021-07-15 00:22:04
390,Atherton,53.5237,-2.4935,64.27,90,36,3.0,GB,2021-07-15 00:22:04
391,Dubovskoye,47.4092,42.7575,76.17,43,21,3.15,RU,2021-07-15 00:22:04
392,Kutum,14.2,24.6667,77.13,54,100,7.87,SD,2021-07-15 00:20:13
393,Tamandare,-8.7597,-35.1047,75.34,87,22,9.31,BR,2021-07-15 00:22:05
394,Jumla,29.2747,82.1838,61.97,96,93,1.25,NP,2021-07-15 00:22:05
395,Mapimi,25.8167,-103.85,81.37,48,100,11.16,MX,2021-07-15 00:22:05
396,Tyler,32.3513,-95.3011,88.99,70,90,5.99,US,2021-07-15 00:22:05
397,Komsomolskiy,40.4272,71.7189,74.12,40,24,6.91,UZ,2021-07-15 00:22:06
398,Port Hedland,-20.3167,118.5667,66.25,59,11,8.05,AU,2021-07-15 00:21:21
399,Morrope,-6.5417,-80.0111,66.79,78,30,15.61,PE,2021-07-15 00:22:06
400,Alice,27.7523,-98.0697,85.89,68,20,10.36,US,2021-07-15 00:22:06
401,Watsa,3.0372,29.5355,62.87,97,100,2.68,CD,2021-07-15 00:22:06
402,Codrington,-38.2667,141.9667,55.24,80,93,15.61,AU,2021-07-15 00:22:07
403,Pontianak,-0.0333,109.3333,71.58,100,20,6.91,ID,2021-07-15 00:22:07
404,Yarada,17.65,83.2667,79.12,100,90,2.3,IN,2021-07-15 00:22:07
405,Port Augusta,-32.5,137.7667,59.7,59,66,14.14,AU,2021-07-15 00:22:07
406,Nabire,-3.3667,135.4833,78.44,88,100,2.33,ID,2021-07-15 00:22:08
407,Le Mars,42.7942,-96.1656,76.51,73,1,6.91,US,2021-07-15 00:22:08
408,Alice Springs,-23.7,133.8833,67.55,60,75,5.75,AU,2021-07-15 00:22:08
409,Evensk,61.95,159.2333,56.08,92,100,15.14,RU,2021-07-15 00:22:08
410,Talnakh,69.4865,88.3972,51.1,56,83,1.05,RU,2021-07-15 00:22:09
411,Fukue,32.6881,128.8419,84.56,84,40,6.91,JP,2021-07-15 00:22:09
412,Ambulu,-8.345,113.6058,75.7,75,99,3.11,ID,2021-07-15 00:22:09
413,Aberystwyth,52.4155,-4.0829,54.72,89,38,2.66,GB,2021-07-15 00:22:09
414,College,64.8569,-147.8028,64.35,72,75,8.05,US,2021-07-15 00:19:19
415,Santa Isabel Do Rio Negro,-0.4139,-65.0192,73.87,97,95,2.15,BR,2021-07-15 00:22:10
416,Saint Anthony,45.0205,-93.218,69.53,88,20,1.99,US,2021-07-15 00:22:10
417,Buala,-8.145,159.5921,84.88,72,94,12.33,SB,2021-07-15 00:22:10
418,San Andres,12.5847,-81.7006,84.22,79,75,16.11,CO,2021-07-15 00:22:10
419,Cao Bang,22.6667,106.25,79.39,86,87,3.47,VN,2021-07-15 00:22:11
420,Noumea,-22.2763,166.4572,73.99,99,13,8.52,NC,2021-07-15 00:18:01
421,Aripuana,-9.1667,-60.6333,77.09,45,15,1.1,BR,2021-07-15 00:22:11
422,Hervey Bay,-25.2986,152.8535,75.31,72,38,5.01,AU,2021-07-15 00:20:43
423,Candelaria,13.9311,121.4233,80.96,86,100,1.19,PH,2021-07-15 00:22:11
424,Mukhen,48.1,136.1,84.6,58,90,7.29,RU,2021-07-15 00:22:11
425,Lastoursville,-0.8143,12.7287,77.76,68,100,3.22,GA,2021-07-15 00:22:12
426,Vuktyl,63.8567,57.3094,53.96,53,92,4.25,RU,2021-07-15 00:22:12
427,Valle Hermoso,25.6667,-97.8333,86.14,58,98,13.4,MX,2021-07-15 00:22:12
428,Santa Maria,-29.6842,-53.8069,60.1,100,75,4.61,BR,2021-07-15 00:20:45
429,Dillon,34.4166,-79.3712,85.82,67,61,10.22,US,2021-07-15 00:22:12
430,Hamilton,39.1834,-84.5333,83.59,70,40,4.61,US,2021-07-15 00:18:29
431,Pozo Colorado,-23.4923,-58.7972,82.9,32,100,2.04,PY,2021-07-15 00:22:13
432,Kjollefjord,70.9457,27.3465,47.97,89,66,5.03,NO,2021-07-15 00:22:13
433,Vagur,61.4732,-6.8119,51.35,87,39,28.45,FO,2021-07-15 00:22:13
434,Vilyuysk,63.7553,121.6247,55.15,57,100,9.1,RU,2021-07-15 00:18:11
435,Jibuti,11.5,42.5,89.02,43,100,2.46,DJ,2021-07-15 00:18:17
436,Adeje,28.1227,-16.726,73.22,72,0,3.44,ES,2021-07-15 00:22:13
437,Ulety,51.3572,112.4849,60.21,89,55,8.12,RU,2021-07-15 00:22:14
438,Acarau,-2.8856,-40.12,79.54,83,76,17.74,BR,2021-07-15 00:22:14
439,Nyurba,63.2842,118.3319,57.6,63,100,12.93,RU,2021-07-15 00:22:14
440,Leninsk,48.7119,45.1994,74.57,72,44,5.93,RU,2021-07-15 00:22:14
441,Ust-Tsilma,65.441,52.1498,58.41,87,98,2.3,RU,2021-07-15 00:19:14
442,Masalli,34.7959,126.6553,83.88,79,100,5.68,KR,2021-07-15 00:22:15
443,San Miguel,13.4833,-88.1833,82.4,71,92,0.72,SV,2021-07-15 00:22:15
444,Campoverde,-8.4753,-74.8058,80.29,59,65,1.66,PE,2021-07-15 00:22:15
445,Pietarsaari,63.65,22.6833,65.89,92,81,4.92,FI,2021-07-15 00:22:16
446,Alagoinhas,-12.1356,-38.4192,67.14,98,2,3.11,BR,2021-07-15 00:22:16
447,Polis,35.0367,32.4264,78.62,51,0,2.84,CY,2021-07-15 00:22:16
448,Alta Floresta,-9.8756,-56.0861,71.42,68,0,2.3,BR,2021-07-15 00:22:16
449,Makakilo City,21.3469,-158.0858,86.32,61,90,10.36,US,2021-07-15 00:22:17
450,Xifeng,42.7372,124.7222,81.19,77,94,11.68,CN,2021-07-15 00:22:17
451,Mazatlan,23.2167,-106.4167,89.56,74,40,1.01,MX,2021-07-15 00:22:17
452,Azul,-36.777,-59.8585,42.71,73,88,1.97,AR,2021-07-15 00:22:17
453,Alihe,50.5667,123.7167,73.24,93,77,5.1,CN,2021-07-15 00:22:17
454,Orotukan,62.2667,151.7,69.22,44,100,9.46,RU,2021-07-15 00:22:18
455,Rocha,-34.4833,-54.3333,52.02,98,100,6.51,UY,2021-07-15 00:19:26
456,Yerbogachen,61.2767,108.0108,60.75,69,100,12.53,RU,2021-07-15 00:20:03
457,Bandar-E Anzali,37.4727,49.4622,79.09,65,80,10.0,IR,2021-07-15 00:22:18
458,Mastung,29.7994,66.845,72.54,73,10,5.59,PK,2021-07-15 00:22:18
459,Almaznyy,48.0448,40.045,62.74,49,0,6.73,RU,2021-07-15 00:22:19
460,Horsham,51.064,-0.3272,64.02,67,0,8.05,GB,2021-07-15 00:21:22
461,Papara,-3.9839,-38.7273,82.72,86,36,3.27,BR,2021-07-15 00:22:19
462,Bathsheba,13.2167,-59.5167,81.21,74,20,17.27,BB,2021-07-15 00:22:19
463,Japura,-0.3167,102.35,71.06,94,100,0.6,ID,2021-07-15 00:22:19
464,Nosy Varika,-20.5833,48.5333,64.76,92,57,3.96,MG,2021-07-15 00:19:47
465,Olinda,-8.0089,-34.8553,73.13,88,75,12.66,BR,2021-07-15 00:19:44
466,Locri,38.2414,16.2623,77.58,77,0,18.81,IT,2021-07-15 00:22:20
467,Cartagena,10.3997,-75.5144,82.02,83,40,11.5,CO,2021-07-15 00:22:20
468,Raudeberg,61.9875,5.1352,61.2,87,92,19.24,NO,2021-07-15 00:21:11
469,Wagar,16.1525,36.2032,80.82,68,53,21.68,SD,2021-07-15 00:22:20
470,Rawson,-43.3002,-65.1023,50.52,51,70,20.92,AR,2021-07-15 00:20:51
471,Narsaq,60.9167,-46.05,48.42,81,16,1.12,GL,2021-07-15 00:19:34
472,Sirajganj,24.45,89.7167,82.62,82,98,8.86,BD,2021-07-15 00:22:21
473,Tomislavgrad,43.7181,17.2267,63.34,63,9,3.18,BA,2021-07-15 00:22:21
474,Dakar,14.6937,-17.4441,80.73,74,40,16.11,SN,2021-07-15 00:17:45
475,Haines Junction,60.7522,-137.5108,48.42,87,100,1.86,CA,2021-07-15 00:22:21
476,Half Moon Bay,37.4636,-122.4286,88.61,71,20,1.01,US,2021-07-15 00:22:21
477,Walla Walla,46.0646,-118.343,102.45,24,1,1.01,US,2021-07-15 00:22:22
478,Victoria Point,-27.5833,153.3,68.49,88,75,11.92,AU,2021-07-15 00:22:22
479,Loralai,30.3705,68.598,77.38,67,20,7.16,PK,2021-07-15 00:22:22
480,Bilma,18.6853,12.9164,95.23,18,28,9.35,NE,2021-07-15 00:22:22
481,Mount Gambier,-37.8333,140.7667,54.09,84,99,11.59,AU,2021-07-15 00:22:22
482,Leshan,29.5623,103.7639,76.68,97,100,4.52,CN,2021-07-15 00:22:23
483,Sale,34.0389,-6.8166,69.75,94,0,3.44,MA,2021-07-15 00:22:23
484,Bereda,43.2686,-7.5406,58.75,96,69,6.15,ES,2021-07-15 00:22:23
485,Bilibino,68.0546,166.4372,59.65,64,100,2.26,RU,2021-07-15 00:22:24
486,Beira,-19.8436,34.8389,71.69,83,40,13.8,MZ,2021-07-15 00:22:24
487,Mincivan,39.0294,46.7185,70.54,62,90,1.39,AZ,2021-07-15 00:22:24
488,Aswan,24.0934,32.907,86.85,22,97,9.01,EG,2021-07-15 00:20:08
489,Uusikaupunki,60.8004,21.4084,64.92,65,51,4.65,FI,2021-07-15 00:22:24
490,Usinsk,65.9939,57.5281,58.01,56,100,6.58,RU,2021-07-15 00:22:25
491,Orsha,54.5153,30.4053,65.05,97,100,7.49,BY,2021-07-15 00:22:25
492,Sao Felix Do Xingu,-6.6447,-51.995,75.52,48,38,1.52,BR,2021-07-15 00:22:25
493,Grand Gaube,-20.0064,57.6608,66.6,76,63,7.0,MU,2021-07-15 00:22:25
494,Lyubytino,58.8122,33.3922,66.94,91,72,2.1,RU,2021-07-15 00:22:26
495,Olafsvik,64.8945,-23.7142,48.42,90,68,14.9,IS,2021-07-15 00:22:26
496,Krasnoselkup,65.7,82.4667,49.78,58,75,13.96,RU,2021-07-15 00:22:26
497,Swellendam,-34.0226,20.4417,43.18,60,76,4.9,ZA,2021-07-15 00:22:26
498,Tra Vinh,9.9347,106.3453,76.82,92,100,4.52,VN,2021-07-15 00:22:27
499,Jalu,29.0331,21.5482,83.35,31,41,8.63,LY,2021-07-15 00:18:48
500,Shimoda,34.6667,138.95,79.16,76,96,6.26,JP,2021-07-15 00:22:27
501,Port Lincoln,-34.7333,135.8667,58.06,74,4,19.24,AU,2021-07-15 00:20:18
502,Shahapur,19.45,73.3333,78.28,95,100,3.2,IN,2021-07-15 00:22:27
503,Rundu,-17.9333,19.7667,46.08,43,0,6.96,NA,2021-07-15 00:22:27
504,Hobyo,5.3505,48.5268,76.51,82,49,25.37,SO,2021-07-15 00:17:49
505,Hualmay,-11.0964,-77.6139,63.55,83,40,10.45,PE,2021-07-15 00:22:28
506,Sibolga,1.7427,98.7792,75.33,81,68,3.65,ID,2021-07-15 00:22:28
507,Leirvik,59.7798,5.5005,62.64,92,45,5.46,NO,2021-07-15 00:22:28
508,Rabo De Peixe,37.8,-25.5833,65.71,82,20,4.61,PT,2021-07-15 00:22:28
509,Shenzhen,22.5455,114.0683,90.14,76,17,2.89,CN,2021-07-15 00:22:29
510,Egvekinot,66.3167,-179.1667,49.95,78,51,8.12,RU,2021-07-15 00:22:29
511,Nampa,43.5407,-116.5635,100.65,16,1,5.75,US,2021-07-15 00:20:55
512,Santa Ana,33.7456,-117.8678,98.71,58,1,1.99,US,2021-07-15 00:20:41
513,Alofi,-19.0595,-169.9187,82.29,78,75,8.05,NU,2021-07-15 00:19:50
514,Potchefstroom,-26.7167,27.1,35.22,31,1,2.73,ZA,2021-07-15 00:22:29
515,Oranjemund,-28.55,16.4333,56.08,37,0,4.72,NA,2021-07-15 00:22:29
516,Mahanoro,-19.9,48.8,65.37,90,50,3.11,MG,2021-07-15 00:22:30
517,Grand Forks,47.9417,-97.4337,80.53,33,40,4.61,US,2021-07-15 00:22:30
518,Abaete,-19.16,-45.4458,66.11,47,0,2.01,BR,2021-07-15 00:22:30
519,Coahuayana,18.7333,-103.6833,89.08,78,85,3.42,MX,2021-07-15 00:22:31
520,Hovd,48.0056,91.6419,66.24,48,42,7.38,MN,2021-07-15 00:17:42
521,Manono,-7.3,27.4167,72.48,35,3,1.99,CD,2021-07-15 00:22:31
522,Isabela,6.7085,121.9711,81.57,82,77,0.85,PH,2021-07-15 00:22:31
523,Kattivakkam,13.2167,80.3167,78.89,72,98,8.93,IN,2021-07-15 00:22:32
524,Rodrigues Alves,-7.738,-72.6509,77.2,69,49,2.21,BR,2021-07-15 00:22:32
525,Lae,-6.7221,146.9847,77.67,63,78,1.97,PG,2021-07-15 00:22:33
526,Molteno,-31.3968,26.3625,30.49,42,0,5.08,ZA,2021-07-15 00:22:33
527,Coihaique,-45.5752,-72.0662,39.15,81,75,8.05,CL,2021-07-15 00:22:33
528,Berlevag,70.8578,29.0864,48.25,87,86,1.83,NO,2021-07-15 00:17:52
529,Potenza,40.6443,15.8086,61.63,80,0,6.67,IT,2021-07-15 00:22:34
530,Saint-Joseph,-21.3667,55.6167,66.56,77,54,11.1,RE,2021-07-15 00:18:43
531,Katangli,51.7102,143.2326,67.48,84,100,5.88,RU,2021-07-15 00:22:34
532,Porto Feliz,-23.2147,-47.5239,71.19,49,27,3.04,BR,2021-07-15 00:22:35
533,Otradnoye,59.7775,30.8181,71.65,90,100,0.98,RU,2021-07-15 00:22:35
534,Gorno-Altaysk,51.9561,85.955,61.77,78,44,2.86,RU,2021-07-15 00:22:35
535,Sabha,27.0377,14.4283,84.83,20,0,9.6,LY,2021-07-15 00:22:35
