City_ID,City,Lat,Lng,Currently,Max Temp,Humidity,Cloudiness,Wind Speed,Country,Date
0,Noumea,-22.2763,166.4572,Clear,71.01,99,0,4.12,NC,2021-07-17 16:30:40
1,Sao Joao Da Barra,-21.6403,-41.0511,Clear,84.29,75,3,11.99,BR,2021-07-17 16:28:03
2,Barra Do Garcas,-15.89,-52.2567,Clear,96.17,16,0,2.04,BR,2021-07-17 16:30:40
3,Barrow,71.2906,-156.7887,Rain,48.22,91,90,14.97,US,2021-07-17 16:30:41
4,Manono,-7.3,27.4167,Clouds,81.07,26,42,7.94,CD,2021-07-17 16:30:41
5,Xai-Xai,-25.0519,33.6442,Clear,62.01,71,0,6.89,MZ,2021-07-17 16:30:41
6,Carnarvon,-24.8667,113.6333,Clear,55.47,57,5,6.91,AU,2021-07-17 16:30:41
7,Mbanza-Ngungu,-5.25,14.8667,Clouds,80.2,41,84,4.25,CD,2021-07-17 16:30:42
8,Muborak,39.2553,65.1528,Clouds,88.65,17,67,16.93,UZ,2021-07-17 16:30:42
9,Kapaa,22.0752,-159.319,Clouds,77.32,83,75,13.8,US,2021-07-17 16:30:42
10,Jamestown,42.097,-79.2353,Clouds,74.3,90,90,4.0,US,2021-07-17 16:30:12
11,Moyale,3.5167,39.0584,Clouds,72.59,49,100,8.16,KE,2021-07-17 16:30:42
12,Dingle,10.9995,122.6711,Rain,77.25,89,99,7.63,PH,2021-07-17 16:30:43
13,Yellowknife,62.456,-114.3525,Clouds,56.28,50,20,8.05,CA,2021-07-17 16:30:43
14,Mehamn,71.0357,27.8492,Clouds,50.09,88,83,19.19,NO,2021-07-17 16:30:43
15,Thompson,55.7435,-97.8558,Clouds,50.16,66,90,11.5,CA,2021-07-17 16:30:12
16,Mathbaria,22.2876,89.9593,Clouds,80.94,89,100,4.7,BD,2021-07-17 16:30:44
17,Bredasdorp,-34.5322,20.0403,Clouds,57.27,88,21,3.44,ZA,2021-07-17 16:30:44
18,Rikitea,-23.1203,-134.9692,Rain,72.36,79,41,20.94,PF,2021-07-17 16:30:44
19,Asosa,10.0667,34.5333,Rain,61.14,95,78,1.48,ET,2021-07-17 16:30:44
20,Cape Town,-33.9258,18.4232,Clear,60.28,85,0,9.22,ZA,2021-07-17 16:26:00
21,Busselton,-33.65,115.3333,Clouds,48.04,80,24,6.24,AU,2021-07-17 16:30:45
22,Mugur-Aksy,50.35,90.5,Clouds,50.36,81,73,5.01,RU,2021-07-17 16:30:45
23,Catamarca,-28.4696,-65.7852,Clear,61.05,53,5,4.0,AR,2021-07-17 16:30:44
24,Norman Wells,65.282,-126.8329,Clouds,62.64,48,20,9.22,CA,2021-07-17 16:30:45
25,Boa Viagem,-5.1275,-39.7322,Clouds,89.53,42,85,8.01,BR,2021-07-17 16:26:49
26,Ushuaia,-54.8,-68.3,Clouds,33.46,86,75,2.3,AR,2021-07-17 16:30:45
27,Laibin,23.7,109.2667,Clouds,82.27,75,100,3.47,CN,2021-07-17 16:30:46
28,Vaini,-21.2,-175.2,Clouds,73.56,94,20,6.91,TO,2021-07-17 16:30:46
29,Hobart,-42.8794,147.3294,Clouds,49.26,82,75,1.99,AU,2021-07-17 16:28:15
30,Port Alfred,-33.5906,26.891,Clear,59.18,69,1,10.33,ZA,2021-07-17 16:30:46
31,Ilulissat,69.2167,-51.1,Clouds,59.02,41,40,5.75,GL,2021-07-17 16:30:46
32,Avera,33.194,-82.5271,Clouds,89.94,50,44,6.2,US,2021-07-17 16:30:47
33,Lavrentiya,65.5833,-171.0,Clouds,45.5,92,100,7.96,RU,2021-07-17 16:30:47
34,Samdari,25.8167,72.5833,Rain,94.57,51,98,12.62,IN,2021-07-17 16:30:47
35,Kismayo,-0.3582,42.5454,Clear,77.04,77,8,19.35,SO,2021-07-17 16:30:47
36,Maun,-19.9833,23.4167,Clouds,69.76,30,20,3.44,BW,2021-07-17 16:30:48
37,Fort Nelson,58.8053,-122.7002,Rain,47.79,93,90,5.75,CA,2021-07-17 16:30:13
38,Warrnambool,-38.3833,142.4833,Clouds,49.8,72,90,16.44,AU,2021-07-17 16:30:48
39,Huarmey,-10.0681,-78.1522,Clouds,70.03,69,37,10.47,PE,2021-07-17 16:30:48
40,Punta Arenas,-53.15,-70.9167,Clouds,35.71,93,75,6.91,CL,2021-07-17 16:30:49
41,Bluff,-46.6,168.3333,Clouds,45.81,92,100,13.91,NZ,2021-07-17 16:30:49
42,Albany,42.6001,-73.9662,Clouds,84.27,65,100,5.14,US,2021-07-17 16:30:09
43,Lorengau,-2.0226,147.2712,Rain,80.67,81,100,3.83,PG,2021-07-17 16:30:49
44,Mataura,-46.1927,168.8643,Clouds,45.48,99,100,2.28,NZ,2021-07-17 16:30:49
45,Mabaruma,8.2,-59.7833,Clouds,83.43,73,28,4.43,GY,2021-07-17 16:30:50
46,Kavieng,-2.5744,150.7967,Clouds,82.47,80,100,14.34,PG,2021-07-17 16:30:50
47,Inhambane,-23.865,35.3833,Clouds,64.38,88,75,4.61,MZ,2021-07-17 16:30:50
48,Homer,59.6425,-151.5483,Clear,70.77,83,1,3.44,US,2021-07-17 16:30:44
49,Dikson,73.5069,80.5464,Clouds,34.3,91,96,11.5,RU,2021-07-17 16:30:51
50,Lebu,-37.6167,-73.65,Clear,50.5,62,0,15.64,CL,2021-07-17 16:30:51
51,Lumeje,-11.55,20.7833,Clouds,70.11,32,99,4.56,AO,2021-07-17 16:30:51
52,Monrovia,6.3005,-10.7969,Rain,74.97,94,100,10.42,LR,2021-07-17 16:30:51
53,Honiara,-9.4333,159.95,Clouds,76.91,80,39,5.44,SB,2021-07-17 16:30:51
54,Ocos,14.5094,-92.1933,Clouds,91.72,74,60,6.38,GT,2021-07-17 16:30:52
55,Pahrump,36.2083,-115.9839,Clear,96.31,18,4,8.01,US,2021-07-17 16:29:02
56,Khatanga,71.9667,102.5,Clouds,53.6,67,75,9.62,RU,2021-07-17 16:30:52
57,Ribeira Grande,38.5167,-28.7,Clouds,72.0,73,40,10.36,PT,2021-07-17 16:30:52
58,Paita,-5.0892,-81.1144,Clouds,75.76,69,95,11.65,PE,2021-07-17 16:30:53
59,Haines Junction,60.7522,-137.5108,Clear,55.35,54,0,1.14,CA,2021-07-17 16:30:53
60,Turayf,31.6725,38.6637,Clear,97.05,11,0,11.5,SA,2021-07-17 16:30:53
61,Kavaratti,10.5669,72.642,Clouds,82.6,78,91,17.9,IN,2021-07-17 16:30:53
62,Altayskoye,51.9533,85.3325,Clouds,56.91,89,82,6.33,RU,2021-07-17 16:30:54
63,Hilo,19.7297,-155.09,Rain,72.81,89,90,6.91,US,2021-07-17 16:30:47
64,Kuito,-12.3833,16.9333,Clear,63.09,34,0,2.19,AO,2021-07-17 16:30:54
65,Havelock,34.8791,-76.9013,Clear,89.56,77,6,8.01,US,2021-07-17 16:30:54
66,Port Elizabeth,-33.918,25.5701,Clear,57.49,67,0,11.5,ZA,2021-07-17 16:30:55
67,Beringovskiy,63.05,179.3167,Clouds,48.4,89,70,9.37,RU,2021-07-17 16:30:55
68,Narasannapeta,18.4167,84.05,Clouds,82.47,81,97,5.66,IN,2021-07-17 16:30:55
69,Taltal,-25.4,-70.4833,Clouds,63.48,62,100,3.18,CL,2021-07-17 16:30:55
70,Lokosovo,61.1333,74.8167,Clouds,54.64,91,100,4.41,RU,2021-07-17 16:30:56
71,Luderitz,-26.6481,15.1594,Clear,64.29,49,0,12.55,NA,2021-07-17 16:30:56
72,Sambava,-14.2667,50.1667,Clear,72.0,81,9,12.48,MG,2021-07-17 16:30:56
73,Marsa Matruh,31.3525,27.2453,Clouds,82.6,74,40,19.57,EG,2021-07-17 16:30:56
74,Talnakh,69.4865,88.3972,Rain,53.17,90,87,2.19,RU,2021-07-17 16:30:57
75,Buchanan,5.8808,-10.0467,Rain,75.16,88,100,11.01,LR,2021-07-17 16:30:57
76,Bucerias,20.75,-105.3333,Clouds,86.99,65,75,0.0,MX,2021-07-17 16:27:22
77,Marsh Harbour,26.5412,-77.0636,Clear,82.71,70,5,12.73,BS,2021-07-17 16:30:57
78,Tucuman,-26.8241,-65.2226,Clouds,59.0,26,40,5.75,AR,2021-07-17 16:30:57
79,Mapastepec,15.4333,-92.9,Clouds,88.86,58,98,4.34,MX,2021-07-17 16:30:58
80,Vao,-22.6667,167.4833,Clear,72.23,81,0,6.55,NC,2021-07-17 16:30:58
81,Chokurdakh,70.6333,147.9167,Clouds,37.65,81,86,13.49,RU,2021-07-17 16:30:58
82,Bambous Virieux,-20.3428,57.7575,Rain,72.21,73,40,13.8,MU,2021-07-17 16:30:59
83,Maicao,11.3832,-72.2432,Clouds,90.79,49,49,17.13,CO,2021-07-17 16:30:59
84,Jamsa,61.8642,25.19,Clouds,77.68,40,28,6.8,FI,2021-07-17 16:30:59
85,Tasiilaq,65.6145,-37.6368,Clouds,44.76,71,83,8.32,GL,2021-07-17 16:30:59
86,Kaitangata,-46.2817,169.8464,Clouds,46.8,96,100,7.14,NZ,2021-07-17 16:31:00
87,Rocha,-34.4833,-54.3333,Clouds,52.79,53,43,16.78,UY,2021-07-17 16:31:00
88,Goderich,43.7501,-81.7165,Clouds,73.72,60,100,11.5,CA,2021-07-17 16:31:00
89,Tuatapere,-46.1333,167.6833,Clouds,45.82,97,100,3.02,NZ,2021-07-17 16:31:01
90,Hauterive,46.0901,3.4459,Clouds,77.02,62,35,8.95,FR,2021-07-17 16:31:01
91,Airai,-8.9266,125.4092,Clouds,56.55,75,80,1.32,TL,2021-07-17 16:31:01
92,Acari,-15.4311,-74.6158,Clouds,74.68,50,28,8.32,PE,2021-07-17 16:31:02
93,Paka,4.6374,103.4368,Clouds,80.53,94,79,0.0,MY,2021-07-17 16:31:02
94,Bilibino,68.0546,166.4372,Clouds,54.66,79,95,2.1,RU,2021-07-17 16:31:03
95,Karaton,-6.3424,106.1045,Clouds,81.95,87,26,1.23,ID,2021-07-17 16:31:03
96,Atuona,-9.8,-139.0333,Rain,77.74,77,66,26.26,PF,2021-07-17 16:31:03
97,Nombre De Dios,23.85,-104.2333,Clouds,65.75,48,79,2.42,MX,2021-07-17 16:31:04
98,Yerbogachen,61.2767,108.0108,Clouds,65.61,77,21,6.2,RU,2021-07-17 16:31:04
99,Hare Bay,48.8499,-54.0148,Clouds,70.95,72,100,10.47,CA,2021-07-17 16:31:04
100,Esperance,-33.8667,121.9,Clouds,53.44,77,89,8.95,AU,2021-07-17 16:31:05
101,Ambulu,-8.345,113.6058,Clouds,72.36,87,45,3.8,ID,2021-07-17 16:31:05
102,Kloulklubed,7.0419,134.2556,Clouds,77.5,71,100,2.71,PW,2021-07-17 16:31:05
103,Hermanus,-34.4187,19.2345,Clear,59.9,90,5,5.84,ZA,2021-07-17 16:31:05
104,Nanortalik,60.1432,-45.2371,Clouds,52.02,70,95,15.99,GL,2021-07-17 16:31:06
105,Wattegama,6.7989,81.4808,Clouds,76.48,90,97,5.59,LK,2021-07-17 16:31:06
106,Qaanaaq,77.484,-69.3632,Clouds,36.41,90,92,6.96,GL,2021-07-17 16:31:06
107,Tiksi,71.6872,128.8694,Clouds,37.4,80,98,12.48,RU,2021-07-17 16:31:06
108,Vila Franca Do Campo,37.7167,-25.4333,Clouds,72.01,64,20,6.6,PT,2021-07-17 16:31:07
109,Pestovo,58.5938,35.8024,Clear,71.91,48,1,5.39,RU,2021-07-17 16:31:07
110,Ponta Do Sol,32.6667,-17.1,Clear,84.7,68,4,2.77,PT,2021-07-17 16:31:07
111,Saldanha,-33.0117,17.9442,Clear,60.85,90,0,11.3,ZA,2021-07-17 16:31:07
112,Mar Del Plata,-38.0023,-57.5575,Clouds,50.09,65,75,15.99,AR,2021-07-17 16:31:08
113,Cherskiy,68.75,161.3,Clouds,56.48,82,100,10.51,RU,2021-07-17 16:31:08
114,Raisinghnagar,29.5358,73.4492,Clouds,99.3,43,83,15.03,IN,2021-07-17 16:31:08
115,Victoria,22.2855,114.1577,Clouds,84.38,81,100,1.01,HK,2021-07-17 16:26:24
116,Yar-Sale,66.8333,70.8333,Clear,46.67,70,10,7.74,RU,2021-07-17 16:31:08
117,Bayji,34.9311,43.487,Clear,103.51,11,1,3.96,IQ,2021-07-17 16:31:09
118,Vardo,70.3705,31.1107,Clouds,52.18,83,87,6.46,NO,2021-07-17 16:31:09
119,San Cristobal,7.7669,-72.225,Clouds,80.78,60,66,7.45,VE,2021-07-17 16:31:09
120,General Pico,-35.6566,-63.7568,Clear,53.67,32,0,19.57,AR,2021-07-17 16:31:09
121,Poum,-20.2333,164.0167,Clear,73.87,78,4,6.93,NC,2021-07-17 16:31:10
122,Tezu,27.9167,96.1667,Rain,76.98,94,99,2.06,IN,2021-07-17 16:31:10
123,Hasaki,35.7333,140.8333,Clouds,73.69,90,84,6.91,JP,2021-07-17 16:31:10
124,Saskylakh,71.9167,114.0833,Clouds,47.98,63,34,7.56,RU,2021-07-17 16:31:10
125,Chifeng,42.2683,118.9636,Clouds,70.7,86,82,5.55,CN,2021-07-17 16:31:11
126,Manicore,-5.8092,-61.3003,Clear,97.27,33,0,3.2,BR,2021-07-17 16:31:11
127,Areia Branca,-4.9561,-37.1369,Clouds,85.35,59,72,15.97,BR,2021-07-17 16:31:11
128,Mount Isa,-20.7333,139.5,Clear,46.17,53,7,2.3,AU,2021-07-17 16:31:11
129,Castro,-24.7911,-50.0119,Clouds,62.82,81,64,10.04,BR,2021-07-17 16:31:12
130,Namibe,-15.1961,12.1522,Clear,68.88,77,1,9.06,AO,2021-07-17 16:31:12
131,Coihaique,-45.5752,-72.0662,Clouds,42.75,65,75,4.61,CL,2021-07-17 16:31:12
132,Toropets,56.4978,31.6353,Clouds,74.1,81,46,5.41,RU,2021-07-17 16:31:12
133,Sao Jose Da Coroa Grande,-8.8978,-35.1478,Clouds,79.47,73,76,9.84,BR,2021-07-17 16:31:13
134,Hovd,48.0056,91.6419,Clouds,65.53,44,75,3.56,MN,2021-07-17 16:31:13
135,Rio Bananal,-19.265,-40.3333,Clear,86.45,36,1,4.9,BR,2021-07-17 16:31:13
136,Cajabamba,-7.6167,-78.05,Clouds,66.56,42,52,5.48,PE,2021-07-17 16:31:13
137,Shelburne,44.0787,-80.2041,Clouds,69.24,65,100,7.16,CA,2021-07-17 16:31:14
138,Hithadhoo,-0.6,73.0833,Clouds,82.51,71,75,3.2,MV,2021-07-17 16:31:14
139,Arraial Do Cabo,-22.9661,-42.0278,Clouds,75.16,78,40,12.66,BR,2021-07-17 16:31:14
140,Tyukhtet,56.5389,89.3011,Clouds,54.57,96,56,8.46,RU,2021-07-17 16:31:14
141,Butaritari,3.0707,172.7902,Rain,83.44,76,26,17.72,KI,2021-07-17 16:31:15
142,Dicabisagan,17.0818,122.4157,Clouds,79.18,89,100,4.05,PH,2021-07-17 16:31:15
143,Alice Springs,-23.7,133.8833,Clear,42.35,65,0,2.3,AU,2021-07-17 16:31:15
144,Kudahuvadhoo,2.6708,72.8944,Clouds,83.37,73,59,10.69,MV,2021-07-17 16:31:15
145,Trairi,-3.2778,-39.2689,Clouds,85.6,59,99,13.31,BR,2021-07-17 16:30:56
146,Kasempa,-13.4584,25.8338,Clouds,62.51,40,36,5.17,ZM,2021-07-17 16:31:16
147,Iquitos,-3.7481,-73.2472,Clouds,82.44,74,75,9.22,PE,2021-07-17 16:31:16
148,Corrales,35.2378,-106.6067,Clear,87.04,43,1,1.01,US,2021-07-17 16:31:16
149,Gat,31.61,34.7642,Clear,90.39,46,0,7.85,IL,2021-07-17 16:31:16
150,New Norfolk,-42.7826,147.0587,Clouds,48.92,81,86,1.01,AU,2021-07-17 16:31:17
151,Provideniya,64.3833,-173.3,Clouds,45.54,97,100,6.4,RU,2021-07-17 16:31:17
152,Nampula,-15.1165,39.2666,Clear,69.75,56,0,6.91,MZ,2021-07-17 16:31:17
153,Chuy,-33.6971,-53.4616,Clouds,54.09,63,73,15.01,UY,2021-07-17 16:31:17
154,Kenai,60.5544,-151.2583,Clear,60.1,93,1,3.44,US,2021-07-17 16:31:18
155,Ojinaga,29.5667,-104.4167,Clear,92.57,40,1,0.0,MX,2021-07-17 16:31:18
156,Flinders,-34.5833,150.8552,Clear,55.18,68,8,8.99,AU,2021-07-17 16:31:18
157,Broken Hill,-31.95,141.4333,Clear,42.51,87,6,9.22,AU,2021-07-17 16:31:18
158,Baculin,7.4525,126.5842,Clouds,79.43,81,93,4.56,PH,2021-07-17 16:31:19
159,Bosaso,11.2842,49.1816,Clouds,91.26,40,32,19.17,SO,2021-07-17 16:31:19
160,Uyutne,45.1994,33.3014,Clear,85.82,49,0,8.01,UA,2021-07-17 16:31:19
161,Panama City,8.9936,-79.5197,Clouds,89.55,69,40,3.44,PA,2021-07-17 16:29:15
162,Katsuura,35.1333,140.3,Clear,79.11,93,5,4.34,JP,2021-07-17 16:31:19
163,Smirnykh,49.75,142.8333,Clouds,68.31,92,22,5.14,RU,2021-07-17 16:31:20
164,Port-Gentil,-0.7193,8.7815,Clouds,78.76,69,20,11.5,GA,2021-07-17 16:31:20
165,Husavik,66.0449,-17.3389,Clouds,60.71,68,20,3.71,IS,2021-07-17 16:31:20
166,Padilla,3.2204,-76.3139,Clouds,81.91,58,59,2.86,CO,2021-07-17 16:31:20
167,Tuktoyaktuk,69.4541,-133.0374,Clouds,64.4,63,75,8.05,CA,2021-07-17 16:31:21
168,Port Shepstone,-30.7414,30.455,Clear,62.58,52,0,8.28,ZA,2021-07-17 16:31:21
169,Mason City,43.1536,-93.201,Clear,79.18,61,1,0.0,US,2021-07-17 16:28:21
170,Antofagasta,-23.65,-70.4,Clouds,64.22,54,80,5.23,CL,2021-07-17 16:31:21
171,Puerto Ayora,-0.7393,-90.3518,Clouds,76.96,94,99,7.0,EC,2021-07-17 16:31:21
172,Mayumba,-3.432,10.6554,Clouds,72.91,85,44,6.91,GA,2021-07-17 16:31:22
173,Santa Isabel,-23.3156,-46.2214,Clouds,76.66,45,69,4.92,BR,2021-07-17 16:31:22
174,Saint George,37.1041,-113.5841,Clear,93.54,37,1,3.0,US,2021-07-17 16:31:22
175,Evensk,61.95,159.2333,Clouds,54.97,81,100,0.34,RU,2021-07-17 16:31:22
176,Naryan-Mar,67.6713,53.087,Clouds,55.42,86,100,8.99,RU,2021-07-17 16:31:23
177,Iralaya,15.0,-83.2333,Clouds,86.09,76,49,12.12,HN,2021-07-17 16:31:23
178,Half Moon Bay,37.4636,-122.4286,Clouds,73.65,79,90,0.0,US,2021-07-17 16:31:23
179,Ust-Kuyga,70.0167,135.6,Clouds,38.88,70,100,7.49,RU,2021-07-17 16:31:23
180,Lac Du Bonnet,50.2536,-96.0612,Clear,89.22,26,0,8.25,CA,2021-07-17 16:31:24
181,Tacotalpa,17.6,-92.8167,Clouds,87.69,68,100,3.71,MX,2021-07-17 16:31:24
182,Kawhia,-38.0651,174.8183,Clouds,60.15,89,55,19.17,NZ,2021-07-17 16:31:24
183,East London,-33.0153,27.9116,Clear,58.14,72,0,4.61,ZA,2021-07-17 16:31:24
184,Saint-Augustin,51.226,-58.6502,Clouds,73.35,41,18,17.78,CA,2021-07-17 16:31:25
185,Tessalit,20.1986,1.0114,Clear,109.27,7,3,16.44,ML,2021-07-17 16:31:25
186,Lugovoy,42.9472,72.7644,Clear,72.68,20,5,6.89,KZ,2021-07-17 16:31:25
187,Neuquen,-38.9516,-68.0591,Clear,49.89,37,0,12.66,AR,2021-07-17 16:31:25
188,San Jose De Sisa,-6.6167,-76.6915,Clouds,81.32,56,70,2.55,PE,2021-07-17 16:31:26
189,Bochnia,49.9691,20.4303,Rain,82.58,71,98,3.49,PL,2021-07-17 16:31:26
190,Cabo San Lucas,22.8909,-109.9124,Clear,95.5,60,1,1.99,MX,2021-07-17 16:31:24
191,Constantine,36.365,6.6147,Clouds,85.41,28,20,12.66,DZ,2021-07-17 16:31:26
192,Lucapa,-8.4192,20.7447,Clouds,75.6,24,97,2.21,AO,2021-07-17 16:31:26
193,Sindor,62.8629,51.8905,Clouds,63.9,79,57,3.24,RU,2021-07-17 16:31:27
194,Russell,32.3502,-85.1999,Clouds,86.92,68,40,0.0,US,2021-07-17 16:31:27
195,Tocopilla,-22.092,-70.1979,Clouds,64.9,69,71,3.53,CL,2021-07-17 16:31:27
196,Port Hardy,50.6996,-127.4199,Clouds,60.98,67,75,5.75,CA,2021-07-17 16:31:27
197,Yarmouth,41.7057,-70.2286,Clear,89.26,85,1,5.99,US,2021-07-17 16:31:28
198,Mahebourg,-20.4081,57.7,Rain,72.25,73,40,13.8,MU,2021-07-17 16:31:28
199,Banfora,10.6333,-4.7667,Clouds,78.21,76,96,6.35,BF,2021-07-17 16:31:28
200,Camacha,33.0833,-16.3333,Clouds,74.16,68,20,14.97,PT,2021-07-17 16:31:28
201,Ganzhou,28.8184,115.4327,Rain,77.05,93,97,2.91,CN,2021-07-17 16:31:29
202,Nome,64.5011,-165.4064,Rain,49.15,93,90,13.8,US,2021-07-17 16:31:29
203,Rundu,-17.9333,19.7667,Clouds,67.05,36,85,5.26,NA,2021-07-17 16:31:29
204,Sagua La Grande,22.8067,-80.0756,Clouds,88.79,54,18,13.51,CU,2021-07-17 16:31:29
205,Sanming,26.2486,117.6186,Clouds,75.24,91,100,2.57,CN,2021-07-17 16:31:30
206,Gorontalo,0.5412,123.0595,Clouds,75.52,90,100,2.33,ID,2021-07-17 16:31:30
207,Claudio,-20.4433,-44.7658,Clear,82.69,23,0,7.09,BR,2021-07-17 16:31:30
208,Yumen,40.2833,97.2,Clear,85.28,18,4,8.23,CN,2021-07-17 16:31:31
209,Oranjestad,12.524,-70.027,Clouds,87.75,66,20,23.02,AW,2021-07-17 16:31:31
210,Kodiak,57.79,-152.4072,Clear,49.51,100,1,4.61,US,2021-07-17 16:31:31
211,Lakes Entrance,-37.8811,147.981,Clouds,52.18,75,69,18.23,AU,2021-07-17 16:31:31
212,Okhotsk,59.3833,143.3,Clouds,55.92,86,98,6.31,RU,2021-07-17 16:31:32
213,Gushikawa,26.3544,127.8686,Clouds,83.43,89,20,4.61,JP,2021-07-17 16:31:32
214,Pontecagnano,40.6425,14.8735,Clouds,78.04,68,40,11.5,IT,2021-07-17 16:31:32
215,Upernavik,72.7868,-56.1549,Clouds,40.46,77,100,13.56,GL,2021-07-17 16:31:32
216,Saint-Louis,16.3333,-15.0,Clouds,100.49,30,80,9.86,SN,2021-07-17 16:31:33
217,Santa Fe,-31.6333,-60.7,Clear,58.01,37,0,8.01,AR,2021-07-17 16:29:36
218,Fukue,32.6881,128.8419,Clouds,78.39,78,99,14.81,JP,2021-07-17 16:31:33
219,Charters Towers,-20.1,146.2667,Clouds,57.02,29,41,8.84,AU,2021-07-17 16:31:33
220,Chapais,49.7834,-74.8492,Clouds,74.98,33,31,6.53,CA,2021-07-17 16:31:33
221,Ostrovnoy,68.0531,39.5131,Clouds,59.79,74,78,7.11,RU,2021-07-17 16:31:34
222,Luganville,-15.5333,167.1667,Clouds,79.05,82,71,4.88,VU,2021-07-17 16:31:34
223,Avarua,-21.2078,-159.775,Clouds,73.45,83,64,9.22,CK,2021-07-17 16:31:34
224,Saurimo,-9.6608,20.3916,Clouds,71.76,29,97,3.56,AO,2021-07-17 16:31:34
225,Banjarmasin,-3.3244,114.591,Clouds,75.34,94,100,1.1,ID,2021-07-17 16:31:35
226,Vila,42.0304,-8.1588,Clear,88.74,39,8,6.62,PT,2021-07-17 16:31:35
227,West Bay,19.3667,-81.4167,Clouds,88.05,74,75,3.0,KY,2021-07-17 16:31:35
228,Bulgan,48.8125,103.5347,Rain,64.2,82,100,0.54,MN,2021-07-17 16:31:35
229,Nikolskoye,59.7035,30.7861,Clear,80.49,47,0,5.19,RU,2021-07-17 16:31:36
230,Murgab,37.4966,61.9714,Clouds,89.47,27,90,4.61,TM,2021-07-17 16:31:36
231,Gao,16.6362,1.637,Clouds,102.45,22,55,11.52,ML,2021-07-17 16:31:36
232,Omboue,-1.5746,9.2618,Clouds,74.1,76,13,9.91,GA,2021-07-17 16:31:36
233,Salalah,17.0151,54.0924,Haze,77.09,100,90,5.75,OM,2021-07-17 16:28:06
234,Asau,46.4333,26.4,Clear,86.4,72,1,4.27,RO,2021-07-17 16:31:37
235,Williams Lake,52.1415,-122.1445,Clouds,62.17,72,20,2.3,CA,2021-07-17 16:31:37
236,Maceio,-9.6658,-35.7353,Clouds,81.84,69,75,9.22,BR,2021-07-17 16:28:50
237,Ternuvate,47.8305,36.1276,Clouds,87.28,62,78,5.41,UA,2021-07-17 16:31:37
238,Samarai,-10.6167,150.6667,Clouds,79.3,85,100,14.03,PG,2021-07-17 16:31:38
239,Hervey Bay,-25.2986,152.8535,Clear,57.02,57,3,4.0,AU,2021-07-17 16:31:38
240,Kununurra,-15.7667,128.7333,Clear,67.98,49,6,5.75,AU,2021-07-17 16:31:38
241,Fortuna,40.5982,-124.1573,Clouds,57.65,93,90,0.0,US,2021-07-17 16:31:38
242,Olinda,-8.0089,-34.8553,Mist,73.13,88,75,11.5,BR,2021-07-17 16:31:39
243,Mirnyy,62.5353,113.9611,Clear,61.25,89,9,4.5,RU,2021-07-17 16:31:39
244,Cidreira,-30.1811,-50.2056,Clouds,64.92,61,35,12.53,BR,2021-07-17 16:31:39
245,Geraldton,-28.7667,114.6,Clouds,54.01,94,40,9.22,AU,2021-07-17 16:31:39
246,Seminole,28.7086,-81.2081,Clouds,93.25,66,75,0.0,US,2021-07-17 16:28:40
247,Faanui,-16.4833,-151.75,Rain,79.41,73,36,21.27,PF,2021-07-17 16:31:40
248,Richards Bay,-28.783,32.0377,Clear,59.94,72,0,2.71,ZA,2021-07-17 16:31:40
249,Arkhangelsk,64.5401,40.5433,Clouds,71.71,49,20,6.71,RU,2021-07-17 16:31:40
250,Saint Anthony,45.0205,-93.218,Clear,84.18,51,1,1.99,US,2021-07-17 16:31:40
251,Kapuskasing,49.4169,-82.4331,Smoke,77.09,53,90,8.05,CA,2021-07-17 16:31:41
252,Igarka,67.4667,86.5833,Clouds,52.09,72,91,5.73,RU,2021-07-17 16:31:41
253,Hvide Sande,56.0045,8.1294,Clouds,72.68,83,58,17.49,DK,2021-07-17 16:31:41
254,Betsiamites,48.9413,-68.646,Clouds,73.8,66,18,6.71,CA,2021-07-17 16:31:41
255,Batemans Bay,-35.7167,150.1833,Clouds,53.2,68,28,6.24,AU,2021-07-17 16:31:42
256,Washington,47.5001,-120.5015,Clear,71.56,41,0,4.25,US,2021-07-17 16:27:43
257,Port Lincoln,-34.7333,135.8667,Clouds,50.68,73,85,8.01,AU,2021-07-17 16:31:42
258,Souillac,-20.5167,57.5167,Rain,72.36,73,40,13.8,MU,2021-07-17 16:31:42
259,Mingshui,36.7167,117.5,Clear,75.51,84,4,4.25,CN,2021-07-17 16:31:42
260,Vallauris,43.5833,7.05,Clear,93.9,49,0,6.91,FR,2021-07-17 16:31:43
261,Zemio,5.0314,25.1361,Rain,72.32,83,99,2.15,CF,2021-07-17 16:31:43
262,Muli,2.9167,73.5667,Clouds,82.76,75,24,9.31,MV,2021-07-17 16:31:43
263,Georgetown,5.4112,100.3354,Clouds,84.15,80,20,2.3,MY,2021-07-17 16:26:50
264,Morant Bay,17.8815,-76.4093,Clouds,89.62,71,13,14.23,JM,2021-07-17 16:31:43
265,Southbridge,42.0751,-72.0334,Clouds,88.2,78,94,1.99,US,2021-07-17 16:31:44
266,Clyde River,70.4692,-68.5914,Clouds,44.83,65,90,9.22,CA,2021-07-17 16:31:44
267,Maldonado,-34.6667,-54.9167,Clouds,51.22,57,22,17.92,UY,2021-07-17 16:31:44
268,Laguna,38.421,-121.4238,Clear,92.64,55,1,1.01,US,2021-07-17 16:31:44
269,Tongchuan,35.0806,109.0897,Rain,72.73,80,75,4.83,CN,2021-07-17 16:31:45
270,Tautira,-17.7333,-149.15,Clouds,71.62,69,58,22.15,PF,2021-07-17 16:31:45
271,Faya,18.3851,42.4509,Clouds,73.51,40,100,5.93,SA,2021-07-17 16:31:45
272,Miri,4.4148,114.0089,Clouds,77.14,94,40,2.3,MY,2021-07-17 16:31:45
273,Kelso,46.1468,-122.9084,Clouds,69.39,80,90,3.44,US,2021-07-17 16:31:46
274,Saint-Philippe,-21.3585,55.7679,Rain,71.19,77,62,15.3,RE,2021-07-17 16:31:46
275,Erenhot,43.6475,111.9767,Clear,75.15,52,0,15.08,CN,2021-07-17 16:31:46
276,Marzuq,14.4,46.4667,Clouds,77.43,58,96,5.84,YE,2021-07-17 16:31:46
277,Fort Collins,40.5853,-105.0844,Haze,89.53,47,1,3.0,US,2021-07-17 16:30:00
278,Santa Vitoria Do Palmar,-33.5189,-53.3681,Clouds,54.28,67,77,11.99,BR,2021-07-17 16:29:01
279,Astoria,46.1879,-123.8313,Mist,62.98,91,90,1.01,US,2021-07-17 16:31:47
280,Westport,41.1415,-73.3579,Clear,93.76,72,1,1.01,US,2021-07-17 16:27:04
281,Zwedru,6.0667,-8.1281,Rain,74.59,90,100,3.58,LR,2021-07-17 16:31:47
282,Alto Araguaia,-17.3147,-53.2153,Clear,90.32,17,0,7.07,BR,2021-07-17 16:31:47
283,Kalmar,56.6616,16.3616,Clear,80.15,69,0,12.66,SE,2021-07-17 16:31:47
284,Barbacoas,1.6715,-78.1398,Rain,85.19,68,100,4.12,CO,2021-07-17 16:31:48
285,Northam,51.0333,-4.2167,Clear,77.47,75,1,6.98,GB,2021-07-17 16:31:48
286,Pargolovo,60.0869,30.2718,Clear,80.28,48,0,0.63,RU,2021-07-17 16:31:48
287,Satipo,-11.2522,-74.6386,Clouds,88.99,42,18,2.89,PE,2021-07-17 16:31:48
288,Komsomolskiy,40.4272,71.7189,Clouds,79.52,47,82,6.91,UZ,2021-07-17 16:31:49
289,Camana,-16.6228,-72.7111,Clouds,65.73,72,50,10.98,PE,2021-07-17 16:31:49
290,Namatanai,-3.6667,152.4333,Rain,79.18,88,100,5.03,PG,2021-07-17 16:31:49
291,Mount Pleasant,32.7941,-79.8626,Clouds,91.99,76,90,8.99,US,2021-07-17 16:27:22
292,Kaeo,-35.1,173.7833,Clouds,60.33,87,37,12.1,NZ,2021-07-17 16:31:49
293,Zaraza,9.3503,-65.3245,Clouds,94.77,28,60,6.87,VE,2021-07-17 16:31:50
294,Puerto Leguizamo,-0.1934,-74.7819,Clouds,82.54,77,62,1.95,CO,2021-07-17 16:31:50
295,Chardara,41.2547,67.9692,Clouds,82.31,28,23,7.47,KZ,2021-07-17 16:31:50
296,Araxa,-19.5933,-46.9406,Clear,82.36,32,0,10.36,BR,2021-07-17 16:29:05
297,Bubaque,11.2833,-15.8333,Clouds,79.88,80,93,6.06,GW,2021-07-17 16:31:50
298,Iqaluit,63.7506,-68.5145,Clouds,55.13,71,75,5.01,CA,2021-07-17 16:31:51
299,San Isidro,-12.1167,-77.05,Clouds,66.02,95,90,8.05,PE,2021-07-17 16:31:51
300,Kutum,14.2,24.6667,Clouds,84.7,35,100,2.33,SD,2021-07-17 16:31:51
301,Tura,25.5198,90.2201,Clouds,73.65,93,88,4.41,IN,2021-07-17 16:31:51
302,Portland,45.5234,-122.6762,Clouds,71.17,70,20,1.01,US,2021-07-17 16:31:05
303,Shawnee,39.05,-95.7669,Clouds,85.57,76,75,3.0,US,2021-07-17 16:31:52
304,Wanning,18.8003,110.3967,Clouds,80.83,84,99,3.38,CN,2021-07-17 16:31:52
305,Roald,62.5833,6.1333,Rain,61.9,94,75,29.93,NO,2021-07-17 16:31:52
306,Labuhan,-6.8844,112.2051,Clouds,78.26,76,87,5.14,ID,2021-07-17 16:31:52
307,Sola,-13.8833,167.55,Clouds,80.37,80,12,17.43,VU,2021-07-17 16:31:53
308,Deer Lake,49.1667,-57.4316,Clouds,69.66,68,75,14.97,CA,2021-07-17 16:31:53
309,Grand Gaube,-20.0064,57.6608,Rain,72.37,67,24,7.0,MU,2021-07-17 16:31:53
310,Kahului,20.8947,-156.47,Clouds,77.85,81,40,9.22,US,2021-07-17 16:31:54
311,Ouallam,14.3188,2.0866,Clear,97.41,32,8,8.12,NE,2021-07-17 16:31:54
312,Paamiut,61.994,-49.6678,Clouds,45.84,96,100,8.43,GL,2021-07-17 16:31:54
313,Jalu,29.0331,21.5482,Clouds,96.22,25,13,19.98,LY,2021-07-17 16:31:54
314,Ngunguru,-35.6167,174.5,Clouds,60.17,83,14,14.03,NZ,2021-07-17 16:31:55
315,Cabatuan,10.8794,122.486,Clouds,77.61,87,100,7.87,PH,2021-07-17 16:31:55
316,Eyl,7.9803,49.8164,Clouds,81.18,63,98,22.5,SO,2021-07-17 16:31:55
317,Longyearbyen,78.2186,15.6401,Clouds,51.64,66,40,10.36,SJ,2021-07-17 16:31:55
318,Atasu,48.6814,71.6433,Clouds,74.98,21,89,9.37,KZ,2021-07-17 16:31:55
319,Lata,40.1629,-8.3327,Clear,87.49,44,0,9.86,PT,2021-07-17 16:31:56
320,Rosarito,32.3333,-117.0333,Clouds,78.31,68,25,7.63,MX,2021-07-17 16:31:56
321,Prince Rupert,54.3161,-130.3201,Rain,57.29,85,90,8.05,CA,2021-07-17 16:31:56
322,Quzhou,28.9594,118.8686,Clouds,75.38,93,100,5.19,CN,2021-07-17 16:31:57
323,Burgos,42.3394,-3.7079,Clear,84.61,26,0,16.11,ES,2021-07-17 16:31:57
324,Cosala,24.4125,-106.6908,Clouds,87.12,55,91,2.33,MX,2021-07-17 16:31:57
325,Sokoni,-6.4333,39.55,Clouds,78.66,74,84,21.12,TZ,2021-07-17 16:31:57
326,Nhulunbuy,-12.2333,136.7667,Clouds,74.01,83,55,6.91,AU,2021-07-17 16:31:57
327,Sri Aman,1.2376,111.4621,Clouds,77.09,94,66,0.0,MY,2021-07-17 16:31:58
328,Kargil,34.5667,76.1,Clouds,71.11,38,37,7.14,IN,2021-07-17 16:31:58
329,Paragould,36.0584,-90.4973,Clear,84.02,62,9,2.48,US,2021-07-17 16:31:58
330,Waipawa,-41.4122,175.5153,Clouds,55.02,84,77,25.1,NZ,2021-07-17 16:31:58
331,Kindu,-2.95,25.95,Clouds,82.67,34,86,1.57,CD,2021-07-17 16:31:59
332,Kruisfontein,-34.0033,24.7314,Clear,52.88,76,0,5.88,ZA,2021-07-17 16:31:59
333,Bani Walid,31.7566,13.9942,Clear,85.77,39,0,21.63,LY,2021-07-17 16:31:59
334,Dudinka,69.4058,86.1778,Clouds,53.87,71,96,9.33,RU,2021-07-17 16:32:00
335,Buala,-8.145,159.5921,Clouds,79.84,85,100,8.3,SB,2021-07-17 16:32:00
336,Gizo,-8.103,156.8419,Clouds,82.31,81,100,10.27,SB,2021-07-17 16:32:01
337,Saquarema,-22.92,-42.5103,Clear,75.34,74,3,7.92,BR,2021-07-17 16:32:01
338,Mokrous,51.2333,47.5167,Clouds,78.39,56,80,3.51,RU,2021-07-17 16:32:01
339,Snasa,64.2457,12.3778,Rain,56.05,97,100,3.11,NO,2021-07-17 16:32:02
340,Port Blair,11.6667,92.75,Clouds,80.55,82,97,9.13,IN,2021-07-17 16:32:02
341,Lensk,60.7253,114.9278,Clouds,66.09,60,99,2.64,RU,2021-07-17 16:32:03
342,Vanavara,60.34,102.2797,Rain,63.3,97,100,6.4,RU,2021-07-17 16:32:03
343,Pechenga,69.5259,31.1703,Clouds,63.46,71,79,1.86,RU,2021-07-17 16:32:03
344,Kilis,36.7161,37.115,Clear,97.03,32,1,11.79,TR,2021-07-17 16:32:04
345,Ambilobe,-13.2,49.05,Clouds,69.82,73,14,2.21,MG,2021-07-17 16:32:04
346,Tilichiki,60.4667,166.1,Clouds,49.17,92,100,3.04,RU,2021-07-17 16:32:04
347,Bathsheba,13.2167,-59.5167,Clouds,84.81,74,20,18.41,BB,2021-07-17 16:30:09
348,Bethel,41.3712,-73.414,Clouds,90.28,69,40,1.99,US,2021-07-17 16:32:05
349,Voznesenye,61.0106,35.4781,Clear,67.48,60,0,2.62,RU,2021-07-17 16:32:05
350,Kannangad,12.3081,75.1063,Rain,78.49,87,99,7.65,IN,2021-07-17 16:32:05
351,Dali,25.7,100.1833,Rain,64.53,93,100,2.66,CN,2021-07-17 16:32:05
352,Grindavik,63.8424,-22.4338,Clouds,52.56,93,90,6.91,IS,2021-07-17 16:32:06
353,Codrington,-38.2667,141.9667,Clouds,49.62,80,75,12.88,AU,2021-07-17 16:32:06
354,La Ronge,55.1001,-105.2842,Smoke,53.85,66,90,11.5,CA,2021-07-17 16:32:06
355,Gamba,-2.65,10.0,Clouds,72.79,81,32,9.42,GA,2021-07-17 16:32:06
356,Koratla,18.8167,78.7167,Clouds,80.62,81,100,4.23,IN,2021-07-17 16:32:07
357,Rapid Valley,44.0625,-103.1463,Smoke,90.86,48,1,1.99,US,2021-07-17 16:32:07
358,Kilingi-Nomme,58.1503,24.9642,Clear,71.26,53,0,5.17,EE,2021-07-17 16:32:07
359,Lagoa,39.05,-27.9833,Clouds,67.84,78,35,17.94,PT,2021-07-17 16:32:07
360,Corrente,-3.7367,-43.3394,Clouds,93.74,36,24,5.17,BR,2021-07-17 16:29:39
361,Port Keats,-14.25,129.55,Clouds,72.95,41,69,8.32,AU,2021-07-17 16:32:08
362,College,64.8569,-147.8028,Smoke,64.65,78,40,0.0,US,2021-07-17 16:30:12
363,Inongo,-1.95,18.2667,Clouds,75.56,48,88,2.59,CD,2021-07-17 16:32:08
364,San Patricio,28.017,-97.5169,Clouds,90.32,55,51,12.71,US,2021-07-17 16:32:08
365,Bengkulu,-3.8004,102.2655,Clouds,75.88,90,78,3.58,ID,2021-07-17 16:32:09
366,Asyut,27.181,31.1837,Clouds,100.58,14,31,8.75,EG,2021-07-17 16:32:09
367,Cockburn Town,21.4612,-71.1419,Clouds,81.86,77,100,19.95,TC,2021-07-17 16:32:09
368,Karratha,-20.7377,116.8463,Clouds,66.52,39,37,3.53,AU,2021-07-17 16:32:09
369,Alyangula,-13.8483,136.4192,Clouds,69.67,73,93,5.75,AU,2021-07-17 16:32:10
370,Keti Bandar,24.1447,67.4497,Clouds,84.94,85,69,19.08,PK,2021-07-17 16:32:10
371,Severo-Kurilsk,50.6789,156.125,Rain,53.73,98,99,2.86,RU,2021-07-17 16:32:10
372,Victoria Point,-27.5833,153.3,Clouds,59.49,53,38,1.01,AU,2021-07-17 16:32:10
373,Jiaocheng,24.6774,116.1389,Clouds,75.7,95,100,1.5,CN,2021-07-17 16:32:11
374,Cayenne,4.9333,-52.3333,Clear,87.84,78,0,5.01,GF,2021-07-17 16:32:11
375,Torbay,47.6666,-52.7314,Clouds,79.75,77,75,19.57,CA,2021-07-17 16:32:11
376,Kintinku,-5.8833,35.2333,Clouds,74.77,29,48,5.17,TZ,2021-07-17 16:32:11
377,Dorado,18.4588,-66.2677,Clouds,90.52,74,40,14.97,PR,2021-07-17 16:32:11
378,Piacabucu,-10.4056,-36.4344,Clouds,80.02,69,49,9.04,BR,2021-07-17 16:32:12
379,Baruun-Urt,46.6806,113.2792,Clouds,62.71,95,100,12.06,MN,2021-07-17 16:32:12
380,Bara,10.3744,10.7288,Clouds,85.78,59,51,4.63,NG,2021-07-17 16:32:12
381,Rabo De Peixe,37.8,-25.5833,Clouds,71.11,64,20,13.8,PT,2021-07-17 16:32:13
382,Ginir,7.1333,40.7,Clouds,57.87,79,100,0.83,ET,2021-07-17 16:32:13
383,Broome,42.2506,-75.833,Mist,82.17,88,90,1.01,US,2021-07-17 16:32:13
384,San Carlos,9.6612,-68.5827,Clouds,89.22,47,35,5.77,VE,2021-07-17 16:32:13
385,Edd,13.9297,41.6925,Clouds,90.34,71,100,5.53,ER,2021-07-17 16:32:14
386,Ejutla De Crespo,16.5667,-96.7333,Clouds,67.15,48,95,3.53,MX,2021-07-17 16:32:14
387,Acapulco,16.8634,-99.8901,Clouds,85.82,62,75,4.61,MX,2021-07-17 16:27:41
388,Castro-Urdiales,43.3829,-3.2204,Clear,83.41,67,0,7.31,ES,2021-07-17 16:32:14
389,Sisimiut,66.9395,-53.6735,Clouds,52.65,73,21,4.7,GL,2021-07-17 16:32:14
390,Robertsport,6.7533,-11.3686,Rain,75.99,91,100,12.91,LR,2021-07-17 16:32:15
391,Katherine,-14.4667,132.2667,Clear,71.92,46,5,10.36,AU,2021-07-17 16:32:15
392,Petrivka,46.9695,30.9591,Clear,90.05,49,1,6.24,UA,2021-07-17 16:32:15
393,Togur,58.3631,82.8265,Clouds,54.19,97,85,6.35,RU,2021-07-17 16:32:15
394,Amahai,-3.3333,128.9167,Rain,76.32,91,100,4.45,ID,2021-07-17 16:32:16
395,Kibuye,-2.0597,29.3482,Clouds,68.45,63,92,0.72,RW,2021-07-17 16:32:16
396,Munirabad,15.3333,76.3333,Clouds,76.78,84,100,16.67,IN,2021-07-17 16:32:16
397,Fairbanks,64.8378,-147.7164,Smoke,67.1,78,1,3.44,US,2021-07-17 16:30:00
398,Price,39.5994,-110.8107,Clear,81.72,29,1,5.75,US,2021-07-17 16:32:16
399,Pevek,69.7008,170.3133,Clouds,44.85,72,75,12.46,RU,2021-07-17 16:32:17
400,Rio Grande,-32.035,-52.0986,Clear,62.71,64,0,12.5,BR,2021-07-17 16:28:15
401,Otukpo,7.1913,8.1329,Rain,75.61,92,91,6.4,NG,2021-07-17 16:32:17
402,Huntingdon,52.3305,-0.1865,Clear,83.08,58,0,4.21,GB,2021-07-17 16:32:17
403,Camacupa,-12.0167,17.4833,Clouds,67.62,29,16,2.04,AO,2021-07-17 16:32:17
404,Baturaja,-4.1333,104.1667,Clouds,72.79,96,67,2.68,ID,2021-07-17 16:32:18
405,Mackay,-21.15,149.2,Clouds,61.05,81,39,5.75,AU,2021-07-17 16:31:34
406,Puta,40.2967,49.6603,Clear,82.42,67,0,9.15,AZ,2021-07-17 16:32:18
407,Sebring,27.4956,-81.4409,Clouds,90.54,62,40,1.01,US,2021-07-17 16:32:18
408,Henties Bay,-22.116,14.2845,Clear,71.85,62,2,11.3,NA,2021-07-17 16:32:18
409,Aswan,24.0934,32.907,Clear,106.9,10,0,8.05,EG,2021-07-17 16:32:19
410,Taoudenni,22.6783,-3.9836,Clouds,117.01,7,62,16.13,ML,2021-07-17 16:32:19
411,Hofn,64.2539,-15.2082,Clear,59.02,58,0,9.22,IS,2021-07-17 16:32:19
412,Nhamunda,-2.1861,-56.7131,Clouds,93.29,42,11,4.72,BR,2021-07-17 16:32:19
413,Dromolaxia,34.8761,33.586,Rain,94.24,75,20,18.41,CY,2021-07-17 16:32:20
414,Jambi,-1.6,103.6167,Clouds,76.64,87,55,2.8,ID,2021-07-17 16:32:20
415,Verkh-Usugli,52.7,115.1667,Clouds,62.33,70,100,3.62,RU,2021-07-17 16:32:20
416,Abashiri,44.0213,144.2697,Clouds,69.94,86,44,6.53,JP,2021-07-17 16:32:20
417,Jati,24.3539,68.2671,Clouds,86.77,77,94,18.81,PK,2021-07-17 16:32:20
418,Jawa,31.8525,35.9393,Clear,88.11,27,0,11.5,JO,2021-07-17 16:32:21
419,Beatrice,40.2681,-96.747,Clear,82.49,69,1,19.57,US,2021-07-17 16:32:21
420,Chibuto,-24.6867,33.5306,Clear,58.95,75,8,6.93,MZ,2021-07-17 16:32:21
421,Dubbo,-32.25,148.6167,Clouds,46.53,76,90,10.36,AU,2021-07-17 16:31:47
422,Glushkovo,51.3392,34.6328,Clouds,79.11,60,57,4.59,RU,2021-07-17 16:32:22
423,Olafsvik,64.8945,-23.7142,Clouds,50.5,82,38,12.24,IS,2021-07-17 16:32:22
424,Coos Bay,43.3665,-124.2179,Clouds,61.0,85,90,3.44,US,2021-07-17 16:32:22
425,Suozhen,36.9539,118.1047,Rain,75.51,89,57,7.63,CN,2021-07-17 16:32:22
426,Sinnamary,5.3833,-52.95,Clouds,84.25,68,23,8.9,GF,2021-07-17 16:32:22
427,Camopi,3.1655,-52.3158,Clouds,80.71,85,96,3.69,GF,2021-07-17 16:32:23
428,Lewistown,40.5992,-77.5714,Clear,87.98,74,1,0.0,US,2021-07-17 16:32:23
429,Krasnoselkup,65.7,82.4667,Clouds,49.95,77,96,5.57,RU,2021-07-17 16:32:23
430,Beloha,-25.1667,45.05,Clear,68.34,72,0,10.92,MG,2021-07-17 16:32:23
431,Ahuimanu,21.4447,-157.8378,Clouds,78.51,75,75,8.05,US,2021-07-17 16:32:24
432,Hazorasp,41.3194,61.0742,Clouds,84.04,14,28,6.64,UZ,2021-07-17 16:32:24
433,Nizwa,22.9333,57.5333,Clouds,83.82,69,86,11.36,OM,2021-07-17 16:32:24
434,Severnyy,50.677,36.5532,Clear,84.24,54,0,6.71,RU,2021-07-17 16:32:24
435,Ballina,-28.8667,153.5667,Clouds,55.78,66,18,0.0,AU,2021-07-17 16:32:25
436,Voh,-20.9667,164.7,Clear,67.62,78,4,2.89,NC,2021-07-17 16:32:25
437,Rozhyshche,50.9154,25.2691,Clouds,76.12,77,91,0.87,UA,2021-07-17 16:32:25
438,Paralimni,35.0375,33.9833,Clear,93.69,88,0,5.01,CY,2021-07-17 16:32:25
439,Svetlyy,54.675,20.1347,Clouds,77.05,77,14,11.03,RU,2021-07-17 16:32:26
440,Calmar,53.2668,-113.8187,Smoke,59.61,84,90,3.44,CA,2021-07-17 16:32:26
441,Hobyo,5.3505,48.5268,Clouds,78.33,74,92,30.98,SO,2021-07-17 16:32:26
442,Burnie,-41.0667,145.9167,Clouds,49.73,77,76,13.65,AU,2021-07-17 16:32:26
443,Hamilton,39.1834,-84.5333,Clouds,79.21,91,90,1.99,US,2021-07-17 16:31:18
444,Naliya,23.2667,68.8333,Clouds,85.05,81,90,18.77,IN,2021-07-17 16:32:27
445,Kenora,49.8167,-94.4337,Smoke,81.79,47,20,9.22,CA,2021-07-17 16:32:27
446,Lahaina,20.8783,-156.6825,Clouds,77.81,79,99,6.44,US,2021-07-17 16:32:27
447,Helong,42.5397,128.9972,Clouds,67.77,97,56,1.97,CN,2021-07-17 16:32:27
448,Tres Arroyos,-38.3739,-60.2798,Clouds,45.86,72,50,24.14,AR,2021-07-17 16:32:28
449,Kirakira,-10.4544,161.9205,Clouds,80.42,86,60,10.36,SB,2021-07-17 16:32:28
450,Aranos,-24.1333,19.1167,Clear,59.27,29,0,11.56,NA,2021-07-17 16:32:28
451,Teguise,29.0605,-13.564,Clear,82.62,48,0,17.27,ES,2021-07-17 16:32:29
452,Ferrol,43.4832,-8.2369,Clear,93.45,60,1,2.37,ES,2021-07-17 16:32:29
453,Pangnirtung,66.1451,-65.7125,Clouds,55.4,76,90,5.75,CA,2021-07-17 16:32:29
454,Coquimbo,-29.9533,-71.3436,Clear,60.53,55,0,13.8,CL,2021-07-17 16:32:29
455,Manta,-0.95,-80.7333,Clear,82.18,74,0,9.22,EC,2021-07-17 16:32:29
456,Kayerkan,69.3497,87.7602,Clouds,49.59,88,90,3.04,RU,2021-07-17 16:32:30
457,Ahipara,-35.1667,173.1667,Clouds,58.35,86,26,14.14,NZ,2021-07-17 16:32:30
458,Lima,-12.0432,-77.0282,Clouds,64.9,85,90,8.05,PE,2021-07-17 16:28:36
459,Zabol,32.25,67.25,Clouds,86.34,27,98,16.87,AF,2021-07-17 16:32:30
460,Nemuro,43.3236,145.575,Clouds,59.23,95,100,1.21,JP,2021-07-17 16:32:30
461,Padampur,29.6833,73.6167,Clouds,100.27,40,87,13.58,IN,2021-07-17 16:32:31
462,Solnechnyy,50.7214,136.6319,Clouds,67.86,68,45,5.08,RU,2021-07-17 16:32:31
463,Isa Khel,36.6702,68.8443,Clouds,89.85,19,31,2.71,AF,2021-07-17 16:32:31
464,Preobrazheniye,42.9019,133.9064,Clouds,68.88,85,25,8.93,RU,2021-07-17 16:32:31
465,Isiolo,0.3546,37.5822,Clouds,74.39,48,100,13.02,KE,2021-07-17 16:32:32
466,Makakilo City,21.3469,-158.0858,Clouds,77.32,73,75,3.44,US,2021-07-17 16:29:32
467,Yelizovo,53.1873,158.3805,Clouds,51.94,100,90,6.71,RU,2021-07-17 16:32:32
468,Ramgarh,23.6333,85.5167,Rain,80.65,85,100,0.07,IN,2021-07-17 16:32:32
469,Simao,22.7886,100.9748,Clouds,67.17,85,100,2.01,CN,2021-07-17 16:32:32
470,Menongue,-14.6585,17.691,Clear,65.82,32,10,5.14,AO,2021-07-17 16:32:33
471,Zhenlai,45.8495,123.2973,Clouds,77.5,73,84,12.12,CN,2021-07-17 16:32:33
472,Lerwick,60.1545,-1.1494,Clouds,55.4,85,99,21.92,GB,2021-07-17 16:32:33
473,Llangefni,53.2556,-4.3106,Clear,80.38,53,0,10.36,GB,2021-07-17 16:32:34
474,Carutapera,-1.195,-46.02,Clouds,85.33,64,33,9.64,BR,2021-07-17 16:32:34
475,Storslett,69.7678,21.0247,Clouds,53.83,85,100,1.68,NO,2021-07-17 16:32:34
476,Mongo,12.1844,18.693,Clouds,78.1,70,100,4.94,TD,2021-07-17 16:32:34
477,Miyako,39.6367,141.9525,Clouds,73.15,89,61,3.58,JP,2021-07-17 16:32:35
478,Buraydah,26.326,43.975,Clouds,106.25,15,99,11.74,SA,2021-07-17 16:32:35
479,Vanimo,-2.6741,141.3028,Clouds,78.01,88,90,5.68,PG,2021-07-17 16:32:35
480,Pisco,-13.7,-76.2167,Mist,63.01,88,90,8.05,PE,2021-07-17 16:32:35
481,Bemidji,47.4736,-94.8803,Clear,88.14,44,1,5.75,US,2021-07-17 16:32:36
482,Ukiah,39.1502,-123.2078,Clear,88.43,46,1,0.0,US,2021-07-17 16:32:36
483,Nuuk,64.1835,-51.7216,Rain,50.61,87,75,8.05,GL,2021-07-17 16:32:36
484,Konstantinovka,49.6167,127.9833,Clouds,66.58,64,44,0.76,RU,2021-07-17 16:32:36
485,Sanlucar De Barrameda,36.7781,-6.3515,Clear,98.37,57,0,9.22,ES,2021-07-17 16:32:37
486,Bandar,2.05,99.75,Clouds,72.64,80,48,3.31,ID,2021-07-17 16:32:37
487,Eyrarbakki,63.863,-21.1481,Clouds,60.21,74,45,14.09,IS,2021-07-17 16:32:37
488,Mount Gambier,-37.8333,140.7667,Clouds,46.31,93,75,5.75,AU,2021-07-17 16:32:37
489,Kenscoff,18.4506,-72.2869,Clouds,77.14,46,20,17.27,HT,2021-07-17 16:32:38
490,Gijon,43.5357,-5.6615,Clear,78.24,74,0,8.01,ES,2021-07-17 16:32:38
491,Parrita,9.5201,-84.3225,Rain,92.26,68,29,5.64,CR,2021-07-17 16:28:41
492,Ilebo,-4.3167,20.5833,Clouds,83.86,27,60,1.45,CD,2021-07-17 16:32:38
493,Ghanzi,-21.5667,21.7833,Clear,58.23,37,0,7.99,BW,2021-07-17 16:32:38
494,Baherden,38.4362,57.4316,Clouds,91.18,16,26,7.58,TM,2021-07-17 16:32:39
495,Leiyang,26.4024,112.8591,Clouds,78.44,86,99,1.34,CN,2021-07-17 16:32:39
496,Zarubino,42.63,131.0922,Clear,70.74,96,8,4.25,RU,2021-07-17 16:32:39
497,Touros,-5.1989,-35.4608,Clouds,79.7,65,11,15.77,BR,2021-07-17 16:32:39
498,Marawi,7.9986,124.2928,Clouds,69.66,93,94,6.06,PH,2021-07-17 16:32:40
499,Coahuayana,18.7333,-103.6833,Clouds,89.08,64,100,1.86,MX,2021-07-17 16:32:40
500,Santa Lucia,27.9117,-15.5407,Clouds,72.72,57,20,26.46,ES,2021-07-17 16:32:40
501,Digby,44.6169,-65.7655,Clouds,79.75,74,100,5.59,CA,2021-07-17 16:31:49
502,Myitkyina,25.3833,97.4,Clouds,75.7,98,89,0.38,MM,2021-07-17 16:32:40
503,Sambek,47.7431,39.8308,Clear,90.68,62,3,7.34,RU,2021-07-17 16:32:41
504,Fare,-16.7,-151.0167,Rain,78.84,74,7,21.99,PF,2021-07-17 16:32:41
505,Yulara,-25.2406,130.9889,Clear,46.24,66,8,4.61,AU,2021-07-17 16:32:41
506,Odweyne,9.4092,45.064,Clouds,71.08,54,80,21.74,SO,2021-07-17 16:32:41
507,Lodingen,68.414,15.9951,Clouds,58.44,83,90,8.99,NO,2021-07-17 16:32:42
508,Atikokan,48.7555,-91.6216,Clear,89.65,27,0,2.04,CA,2021-07-17 16:32:42
509,Tarko-Sale,64.9225,77.785,Clouds,51.39,79,100,6.04,RU,2021-07-17 16:32:42
510,Inhuma,-6.6683,-41.7078,Clear,96.4,21,6,5.53,BR,2021-07-17 16:32:42
511,Yelan,50.949,43.7378,Clouds,76.51,66,26,6.11,RU,2021-07-17 16:32:43
512,Mpika,-11.8343,31.4529,Clouds,53.62,61,68,2.75,ZM,2021-07-17 16:32:43
513,Manali,13.1667,80.2667,Clouds,80.69,72,100,10.6,IN,2021-07-17 16:32:43
514,Pedernales,18.0384,-71.744,Clouds,88.23,58,72,1.9,DO,2021-07-17 16:32:43
515,Kalawit,8.0667,122.5167,Clouds,77.41,91,96,5.91,PH,2021-07-17 16:32:43
516,Brae,60.3964,-1.353,Clouds,55.31,84,99,20.18,GB,2021-07-17 16:32:44
517,Guanica,17.9716,-66.908,Clouds,90.5,66,59,15.99,PR,2021-07-17 16:32:44
518,Klaksvik,62.2266,-6.589,Clouds,52.72,91,31,17.87,FO,2021-07-17 16:32:44
519,Bagdarin,54.4333,113.6,Clouds,61.88,77,100,1.34,RU,2021-07-17 16:32:44
520,Linden,6.0,-58.3,Clouds,86.14,81,54,0.65,GY,2021-07-17 16:28:53
521,Sao Paulo De Olivenca,-3.3783,-68.8725,Rain,74.37,91,97,2.39,BR,2021-07-17 16:32:45
522,Manavalakurichi,8.1333,77.3,Clouds,78.89,77,99,17.96,IN,2021-07-17 16:32:45
523,Mongu,-15.2484,23.1274,Clouds,66.67,33,22,6.78,ZM,2021-07-17 16:32:45
524,Bilma,18.6853,12.9164,Clouds,105.28,8,39,9.35,NE,2021-07-17 16:32:45
525,The Valley,18.217,-63.0578,Clouds,86.14,70,40,19.57,AI,2021-07-17 16:32:46
526,Nisia Floresta,-6.0911,-35.2086,Clouds,84.58,61,46,13.53,BR,2021-07-17 16:30:51
527,Ibra,22.6906,58.5334,Clouds,83.46,64,95,16.02,OM,2021-07-17 16:32:46
528,Tukrah,32.5341,20.5791,Clear,79.48,71,0,13.11,LY,2021-07-17 16:32:46
529,Kadaya,50.9327,119.2911,Rain,64.06,87,100,4.05,RU,2021-07-17 16:32:46
530,Mutoko,-17.397,32.2268,Clouds,60.03,36,95,9.17,ZW,2021-07-17 16:32:47
531,Hambantota,6.1241,81.1185,Clouds,79.7,80,95,15.77,LK,2021-07-17 16:32:47
532,Capannori,43.8747,10.5728,Clouds,83.17,65,99,3.38,IT,2021-07-17 16:32:47
533,Gisborne,-38.6533,178.0042,Clear,60.94,67,0,23.15,NZ,2021-07-17 16:32:47
534,Jacareacanga,-6.2222,-57.7528,Clear,97.97,29,1,3.76,BR,2021-07-17 16:32:48
535,Sao Filipe,14.8961,-24.4956,Clouds,73.81,82,52,7.52,CV,2021-07-17 16:32:48
536,Khani,41.9563,42.9566,Clouds,76.57,66,16,4.41,GE,2021-07-17 16:32:48
537,Ondjiva,-17.0667,15.7333,Clouds,70.3,29,16,5.08,AO,2021-07-17 16:32:48
538,Solikamsk,59.6196,56.7729,Clouds,65.39,75,100,0.98,RU,2021-07-17 16:32:49
539,La Romana,18.4273,-68.9728,Clouds,89.96,62,40,11.5,DO,2021-07-17 16:32:49
540,Cartagena,10.3997,-75.5144,Clouds,89.22,70,40,5.75,CO,2021-07-17 16:32:49
541,Dzhebariki-Khaya,62.2167,135.8,Clouds,57.2,64,64,5.57,RU,2021-07-17 16:32:49
542,Kinsale,51.7075,-8.5306,Clouds,74.57,60,20,10.36,IE,2021-07-17 16:32:50
543,Ban Nahin,18.2418,104.2122,Clouds,76.87,91,95,1.92,LA,2021-07-17 16:32:50
544,Zhangye,38.9342,100.4517,Clouds,80.47,30,22,6.24,CN,2021-07-17 16:32:50
545,Altay,47.8667,88.1167,Clear,62.2,43,10,5.17,CN,2021-07-17 16:32:51
546,Palmeira,-25.4294,-50.0064,Clouds,64.65,77,92,8.95,BR,2021-07-17 16:32:51
547,Stornoway,58.2093,-6.3865,Clouds,60.93,77,90,20.71,GB,2021-07-17 16:32:51
548,Urucara,-2.5364,-57.76,Clear,93.27,42,1,5.14,BR,2021-07-17 16:32:51
549,Shahgarh,24.3167,79.1333,Clouds,92.62,40,100,8.48,IN,2021-07-17 16:32:51
550,Nazilli,37.9163,28.3223,Clear,90.7,32,0,6.44,TR,2021-07-17 16:32:52
551,Hermiston,45.8404,-119.2895,Clear,77.81,48,1,12.66,US,2021-07-17 16:32:52
552,Bella Union,-30.2752,-57.6007,Clear,58.6,39,0,12.12,UY,2021-07-17 16:32:52
553,Niamey,13.5137,2.1098,Clouds,95.29,38,40,13.8,NE,2021-07-17 16:31:42
554,North Bend,43.4065,-124.2243,Clouds,64.85,85,90,3.44,US,2021-07-17 16:32:53
555,Anzio,41.4853,12.6179,Rain,76.51,60,97,23.69,IT,2021-07-17 16:32:53
556,Tsaratanana,-16.7833,47.65,Clouds,69.73,65,54,9.75,MG,2021-07-17 16:32:53
557,Dhidhdhoo,6.8833,73.1,Clouds,82.18,80,59,12.01,MV,2021-07-17 16:32:53
558,Bom Jardim,-7.7958,-35.5872,Clouds,80.94,64,72,13.58,BR,2021-07-17 16:32:54
559,Narsaq,60.9167,-46.05,Clouds,59.22,68,94,2.42,GL,2021-07-17 16:32:54
560,Nadym,65.5333,72.5167,Clouds,48.02,70,95,7.94,RU,2021-07-17 16:32:54
561,Sanmenxia,34.7747,111.1814,Clouds,75.22,89,23,7.99,CN,2021-07-17 16:32:54
562,Ucluelet,48.9329,-125.5528,Clouds,62.1,93,100,2.48,CA,2021-07-17 16:28:58
563,Thinadhoo,0.5333,72.9333,Clouds,83.95,71,52,7.94,MV,2021-07-17 16:30:30
564,Tyukalinsk,55.8732,72.1967,Clouds,58.37,78,89,6.29,RU,2021-07-17 16:32:55
565,Yanam,16.7333,82.2167,Rain,84.6,84,100,3.27,IN,2021-07-17 16:32:55
566,Waingapu,-9.6567,120.2641,Clouds,72.7,80,13,4.68,ID,2021-07-17 16:32:55
567,Mankono,8.0586,-6.1897,Clouds,74.26,87,98,6.78,CI,2021-07-17 16:32:55
568,Pemba,-12.974,40.5178,Clouds,77.7,65,40,12.66,MZ,2021-07-17 16:32:56
569,Hualmay,-11.0964,-77.6139,Clouds,68.58,69,36,9.84,PE,2021-07-17 16:32:56
570,Micoud,13.8167,-60.9,Clouds,85.98,79,20,19.57,LC,2021-07-17 16:32:56
571,Polovinnoye,54.7914,65.9864,Clear,59.0,89,6,2.3,RU,2021-07-17 16:32:56
572,Bandarbeyla,9.4942,50.8122,Clouds,79.47,68,91,29.15,SO,2021-07-17 16:32:57
573,Zonguldak,41.25,31.8333,Clear,76.14,56,0,0.69,TR,2021-07-17 16:32:57
574,Cantanhede,-3.6333,-44.3767,Clouds,85.21,61,48,1.79,BR,2021-07-17 16:32:57
575,Padang,-0.9492,100.3543,Clouds,77.05,82,20,4.85,ID,2021-07-17 16:32:57
576,Ulety,51.3572,112.4849,Clouds,61.56,89,99,2.44,RU,2021-07-17 16:32:58
577,Havre-Saint-Pierre,50.2334,-63.5986,Clear,68.36,68,1,11.5,CA,2021-07-17 16:32:58
578,Silver City,32.7701,-108.2803,Clear,82.69,46,1,5.01,US,2021-07-17 16:32:58
579,Jibuti,11.5,42.5,Rain,94.42,49,100,11.72,DJ,2021-07-17 16:32:58
580,Labrea,-7.2586,-64.7981,Clear,98.22,33,0,1.92,BR,2021-07-17 16:32:59
581,Verkhnevilyuysk,63.4453,120.3167,Clouds,57.7,99,68,4.54,RU,2021-07-17 16:32:59
582,Salinopolis,-0.6136,-47.3561,Clouds,84.22,69,56,11.12,BR,2021-07-17 16:32:59
583,Nevers,46.9167,3.3333,Clear,66.79,70,10,10.31,FR,2021-07-17 16:32:59
584,Stromness,58.965,-3.296,Clouds,64.65,90,100,29.62,GB,2021-07-17 16:31:07
585,Rock Sound,24.9,-76.2,Clear,82.49,71,0,14.61,BS,2021-07-17 16:33:00
586,Yantai,37.5333,121.4,Clouds,73.58,91,98,3.65,CN,2021-07-17 16:30:02
587,Sechura,-5.5569,-80.8222,Clouds,74.35,61,100,10.29,PE,2021-07-17 16:33:00
588,Vryburg,-26.9566,24.7284,Clear,50.79,34,0,5.99,ZA,2021-07-17 16:33:02
589,Moa,20.6569,-74.9403,Clouds,86.61,66,100,14.25,CU,2021-07-17 16:33:02
590,Pochutla,15.7432,-96.4661,Clouds,89.82,56,92,4.34,MX,2021-07-17 16:33:03
591,Ramanuj Ganj,23.8,83.7,Rain,80.24,77,100,3.6,IN,2021-07-17 16:33:03
592,Banki,20.3833,85.5333,Clouds,87.98,81,100,13.04,IN,2021-07-17 16:33:04
593,Kemin,42.7846,75.6892,Clouds,65.52,53,69,4.29,KG,2021-07-17 16:33:04
594,Pitimbu,-7.4706,-34.8086,Clouds,75.79,78,68,13.13,BR,2021-07-17 16:33:04
595,Zhezkazgan,47.8043,67.7144,Clouds,82.06,18,97,8.37,KZ,2021-07-17 16:33:04
596,Manaus,-3.1019,-60.025,Clouds,88.3,70,40,3.44,BR,2021-07-17 16:33:04
597,Palasa,18.7667,84.4167,Clouds,82.29,83,100,7.81,IN,2021-07-17 16:33:05
598,Constitucion,-35.3333,-72.4167,Clear,54.05,45,0,14.94,CL,2021-07-17 16:33:05
599,Zhigansk,66.7697,123.3711,Clouds,46.17,75,57,10.85,RU,2021-07-17 16:33:05
600,Baghdad,33.3406,44.4009,Clear,109.31,14,0,3.44,IQ,2021-07-17 16:33:05
601,Bridlington,54.0831,-0.1919,Clear,86.18,78,1,7.74,GB,2021-07-17 16:33:06
602,Petalcingo,17.2833,-92.45,Clouds,74.84,50,98,3.74,MX,2021-07-17 16:33:06
603,Malkangiri,18.35,81.9,Clouds,80.65,85,100,2.33,IN,2021-07-17 16:33:06
604,Prabumulih,-3.45,104.25,Clouds,73.24,93,80,2.98,ID,2021-07-17 16:33:06
605,Misratah,32.3754,15.0925,Clear,79.59,64,0,20.54,LY,2021-07-17 16:33:07
606,Tayu,-6.5397,111.0518,Clouds,79.12,77,99,7.36,ID,2021-07-17 16:33:07
607,Saint-Pierre,-21.3393,55.4781,Rain,71.28,72,20,23.02,RE,2021-07-17 16:33:07
608,Burhaniye,39.5004,26.9727,Clouds,91.26,61,20,3.44,TR,2021-07-17 16:33:08
609,Miracema Do Tocantins,-9.5618,-48.3967,Clear,99.45,19,0,3.56,BR,2021-07-17 16:33:08
610,Ebbs,47.6333,12.2167,Rain,68.45,95,99,1.9,AT,2021-07-17 16:33:08
611,Hammerfest,70.6634,23.6821,Clouds,52.25,76,75,25.32,NO,2021-07-17 16:33:08
612,Anito,12.4497,125.2886,Clouds,78.04,91,100,4.38,PH,2021-07-17 16:33:09
613,Lagarto,-10.9172,-37.65,Clouds,79.09,59,81,9.37,BR,2021-07-17 16:33:09
614,Ancud,-41.8697,-73.8203,Clouds,49.53,75,51,2.44,CL,2021-07-17 16:33:09
615,Ixtapa,20.7,-105.2,Clouds,86.23,65,75,0.0,MX,2021-07-17 16:33:09
616,Santa Isabel Do Rio Negro,-0.4139,-65.0192,Clouds,91.72,46,54,5.46,BR,2021-07-17 16:33:10
617,Sakakah,29.9697,40.2064,Clear,107.17,11,0,11.23,SA,2021-07-17 16:33:10
618,Japura,-0.3167,102.35,Clouds,74.77,94,21,2.84,ID,2021-07-17 16:33:10
619,Normandin,48.8333,-72.5321,Clear,75.51,46,0,5.75,CA,2021-07-17 16:33:10
620,Larsnes,62.2028,5.5773,Rain,61.59,92,100,22.08,NO,2021-07-17 16:33:11
621,Mana,5.6592,-53.7767,Clouds,84.96,64,18,8.41,GF,2021-07-17 16:33:11
622,Tumpat,6.1978,102.171,Clouds,82.38,88,20,0.0,MY,2021-07-17 16:33:11
623,Metro,-5.1131,105.3067,Clouds,73.81,91,97,3.09,ID,2021-07-17 16:33:11
624,Kaseda,31.4167,130.3167,Clouds,75.85,88,98,10.45,JP,2021-07-17 16:33:12
625,Vostok,46.4856,135.8833,Clouds,68.79,96,58,4.23,RU,2021-07-17 16:33:12
626,Liuzhou,24.3126,109.3892,Clouds,83.08,70,100,3.65,CN,2021-07-17 16:33:12
627,Daru,-9.0763,143.2092,Clouds,77.63,90,81,11.99,PG,2021-07-17 16:33:12
628,Manokwari,-0.8667,134.0833,Rain,77.92,86,86,4.79,ID,2021-07-17 16:33:13
629,Oktyabrskoye,43.0645,44.7417,Clear,84.34,42,6,2.24,RU,2021-07-17 16:33:13
630,San Jose,37.3394,-121.895,Clouds,73.26,64,20,4.61,US,2021-07-17 16:29:59
631,Mosquera,4.7059,-74.2302,Clouds,64.49,55,75,9.22,CO,2021-07-17 16:33:13
632,Eureka,40.8021,-124.1637,Clear,57.92,88,0,5.01,US,2021-07-17 16:33:13
633,Meulaboh,4.1363,96.1285,Clouds,77.2,82,39,2.93,ID,2021-07-17 16:33:14
634,Ozinki,51.1786,49.6769,Clouds,82.98,40,56,3.4,RU,2021-07-17 16:33:14
635,Akot,21.0964,77.0586,Clouds,89.82,58,100,2.8,IN,2021-07-17 16:33:14
636,Mao,39.8885,4.2658,Clouds,82.96,47,20,12.66,ES,2021-07-17 16:33:14
637,Elwood,-37.8817,144.983,Clouds,51.48,89,75,5.01,AU,2021-07-17 16:33:15
638,Naze,28.3667,129.4833,Clouds,78.46,84,91,14.65,JP,2021-07-17 16:33:15
639,Kaili,-3.4626,120.2147,Clouds,65.08,89,100,2.21,ID,2021-07-17 16:33:15
640,Srednekolymsk,67.45,153.6833,Clouds,55.67,80,99,12.33,RU,2021-07-17 16:33:15
641,Kannur,11.8675,75.3576,Rain,77.92,88,97,8.37,IN,2021-07-17 16:33:16
642,Itarema,-2.9248,-39.9167,Clouds,86.22,58,53,15.26,BR,2021-07-17 16:33:16
643,Morehead,37.2711,-87.1764,Clouds,82.31,78,75,3.44,US,2021-07-17 16:33:16
644,Petropavlovsk-Kamchatskiy,53.0452,158.6483,Clouds,50.59,100,90,6.71,RU,2021-07-17 16:33:16
645,Pokrovka,42.3414,78.0056,Clouds,57.49,79,89,2.17,KG,2021-07-17 16:33:17
646,Mumbwa,-14.9783,27.0619,Clouds,62.74,47,74,8.63,ZM,2021-07-17 16:33:17
647,Hailar,49.2,119.7,Clouds,67.24,96,100,15.55,CN,2021-07-17 16:33:17
648,Palu,-0.8917,119.8707,Clouds,75.27,86,100,2.19,ID,2021-07-17 16:33:17
649,Appleton,44.2619,-88.4154,Clouds,77.09,56,40,4.0,US,2021-07-17 16:29:27
650,Vaasa,63.096,21.6158,Clear,75.29,60,0,12.66,FI,2021-07-17 16:33:18
651,Sainte-Maxime,43.3,6.6333,Clouds,95.92,49,94,13.2,FR,2021-07-17 16:33:18
652,Kingisepp,59.3733,28.6134,Clear,72.82,46,0,4.16,RU,2021-07-17 16:33:18
653,Capreol,46.706,-80.9225,Clouds,79.92,49,40,4.61,CA,2021-07-17 16:33:18
654,Sobolevo,54.4299,31.8996,Clear,79.0,69,8,4.88,RU,2021-07-17 16:33:19
655,Necochea,-38.5473,-58.7368,Clouds,45.12,82,86,25.34,AR,2021-07-17 16:33:19
656,Birin,26.8865,88.0718,Clouds,64.74,93,99,2.13,NP,2021-07-17 16:33:19
657,Pacific Grove,36.6177,-121.9166,Clouds,64.63,94,90,1.99,US,2021-07-17 16:33:19
658,Sitka,57.0531,-135.33,Rain,57.09,94,75,4.61,US,2021-07-17 16:33:20
659,Ugoofaaru,5.6667,73.0,Clouds,81.63,80,66,9.82,MV,2021-07-17 16:33:20
660,Majene,-3.5403,118.9707,Clouds,76.06,85,100,4.27,ID,2021-07-17 16:33:20
661,Orbetello,42.4408,11.2196,Clouds,78.06,55,100,18.61,IT,2021-07-17 16:33:20
662,Mafeteng,-29.823,27.2374,Clear,42.82,40,0,6.06,LS,2021-07-17 16:33:21
663,Polyarnyy,69.1989,33.4478,Clouds,63.07,74,59,6.69,RU,2021-07-17 16:33:21
664,Bo Rai,12.5728,102.5371,Rain,75.85,95,28,2.89,TH,2021-07-17 16:33:21
665,Caravelas,-17.7125,-39.2481,Clear,79.18,56,0,8.77,BR,2021-07-17 16:33:21
666,Kamenka,51.3223,42.7678,Clouds,78.48,59,80,1.88,RU,2021-07-17 16:33:22
667,Belmonte,-15.8631,-38.8828,Clear,82.4,54,2,6.98,BR,2021-07-17 16:33:22
668,Mareeba,-17.0,145.4333,Clouds,70.52,80,93,2.62,AU,2021-07-17 16:33:22
669,Baran,25.1,76.5167,Rain,92.91,50,99,4.54,IN,2021-07-17 16:33:22
670,Loviisa,60.4566,26.2251,Clear,79.83,50,0,7.9,FI,2021-07-17 16:33:23
671,Puerto Baquerizo Moreno,-0.9,-89.6,Clouds,76.19,78,40,13.8,EC,2021-07-17 16:33:23
672,Palmer,42.1584,-72.3287,Clouds,87.48,65,75,1.99,US,2021-07-17 16:28:38
673,Hukuntsi,-24.0,21.75,Clear,57.09,34,0,8.97,BW,2021-07-17 16:33:23
674,Niksic,42.7731,18.9445,Clouds,80.76,55,30,4.07,ME,2021-07-17 16:33:23
675,Panaba,21.2833,-88.2667,Clouds,89.56,53,69,8.59,MX,2021-07-17 16:33:24
676,Mnogovershinnyy,53.9353,139.9242,Clouds,57.13,80,12,5.23,RU,2021-07-17 16:33:24
677,Pangody,65.85,74.4859,Clouds,50.7,69,96,9.04,RU,2021-07-17 16:33:24
678,Linhai,28.85,121.1167,Clouds,79.09,97,100,2.48,CN,2021-07-17 16:33:24
679,Amga,60.8953,131.9608,Clouds,57.15,72,67,3.67,RU,2021-07-17 16:33:25
680,Riyadh,24.6877,46.7219,Clouds,96.94,39,97,16.58,SA,2021-07-17 16:31:44
681,Dulce Nombre De Culmi,15.1,-85.5333,Clear,91.63,44,10,4.74,HN,2021-07-17 16:33:25
682,Dunedin,-45.8742,170.5036,Clouds,49.8,93,100,1.99,NZ,2021-07-17 16:32:04
683,Karasburg,-28.0167,18.75,Clear,60.53,20,0,6.87,NA,2021-07-17 16:33:25
684,Vestmannaeyjar,63.4427,-20.2734,Clouds,50.99,93,75,20.71,IS,2021-07-17 16:33:26
685,Nuevo Progreso,23.1667,-97.95,Clear,88.59,66,4,3.0,MX,2021-07-17 16:33:26
686,Mehran,33.1222,46.1646,Clear,107.08,9,0,8.23,IR,2021-07-17 16:33:26
687,Shache,38.4167,77.2406,Clear,83.52,31,4,11.39,CN,2021-07-17 16:33:26
688,Clearlake,38.9582,-122.6264,Clear,85.57,23,0,3.24,US,2021-07-17 16:33:26
689,Acajutiba,-11.6622,-38.0172,Clouds,78.51,64,48,7.78,BR,2021-07-17 16:33:27
690,Islamkot,24.6997,70.177,Clouds,88.86,69,94,16.98,PK,2021-07-17 16:33:27
691,Sorong,-0.8833,131.25,Rain,79.07,84,99,12.12,ID,2021-07-17 16:33:27
692,Moree,-29.4667,149.85,Clear,41.02,75,2,5.75,AU,2021-07-17 16:33:27
693,Hami,42.8,93.45,Clouds,85.89,25,28,15.21,CN,2021-07-17 16:33:28
694,Sioux Lookout,50.1001,-91.917,Smoke,80.67,50,90,4.61,CA,2021-07-17 16:33:28
695,Doka,13.5167,35.7667,Clouds,79.16,67,97,8.28,SD,2021-07-17 16:33:28
696,Shepsi,44.0361,39.1489,Clouds,78.37,79,11,2.08,RU,2021-07-17 16:33:28
697,Quelimane,-17.8786,36.8883,Rain,67.95,88,75,9.22,MZ,2021-07-17 16:33:29
698,Kathu,7.9178,98.3332,Clouds,86.7,83,24,7.14,TH,2021-07-17 16:33:29
699,Imbituba,-28.24,-48.6703,Clear,69.69,72,1,3.87,BR,2021-07-17 16:33:04
700,Bandikui,27.05,76.5667,Rain,95.7,46,75,7.36,IN,2021-07-17 16:33:29
701,Yichang,30.7144,111.2847,Rain,77.61,91,59,3.27,CN,2021-07-17 16:33:29
702,Kurilsk,45.2333,147.8833,Clouds,63.84,74,41,5.59,RU,2021-07-17 16:33:30
703,Huilong,31.8111,121.655,Clouds,79.99,91,74,11.07,CN,2021-07-17 16:33:30
704,Wewak,-3.5534,143.6268,Clouds,79.41,84,100,4.45,PG,2021-07-17 16:33:30
705,Takoradi,4.8845,-1.7554,Clouds,77.85,77,99,9.1,GH,2021-07-17 16:33:16
706,Goalpara,26.1667,90.6167,Clouds,77.99,92,49,3.0,IN,2021-07-17 16:33:30
707,Holoby,51.0865,25.0077,Clouds,76.05,86,89,3.6,UA,2021-07-17 16:33:31
708,Moron,-34.6534,-58.6198,Clear,55.09,49,0,5.99,AR,2021-07-17 16:30:15
709,Puerto Carreno,6.189,-67.4859,Clouds,87.75,60,82,5.5,CO,2021-07-17 16:33:31
710,Boma,7.0805,-2.1697,Rain,72.9,98,100,2.15,GH,2021-07-17 16:33:31
711,Puerto Escondido,15.85,-97.0667,Clear,86.83,62,1,0.0,MX,2021-07-17 16:33:31
712,Puerto Colombia,10.9878,-74.9547,Clouds,89.69,70,100,12.35,CO,2021-07-17 16:33:32
713,Torres,-29.3353,-49.7269,Clear,69.82,62,7,4.88,BR,2021-07-17 16:33:32
714,Moose Factory,51.2585,-80.6094,Clear,80.6,61,1,9.22,CA,2021-07-17 16:33:32
715,Mae Sai,20.4335,99.8762,Clouds,79.92,95,99,2.19,TH,2021-07-17 16:33:32
716,Katima Mulilo,-17.5,24.2667,Clouds,63.64,45,65,4.63,NA,2021-07-17 16:33:33
717,Bell Ville,-32.6259,-62.6887,Clear,56.66,26,0,17.27,AR,2021-07-17 16:33:33
718,San Quintin,30.4833,-115.95,Clouds,72.3,71,55,9.71,MX,2021-07-17 16:33:33
719,Jilin,43.0,126.0,Clear,71.38,88,6,0.29,CN,2021-07-17 16:33:33
720,Guerrero Negro,27.9769,-114.0611,Clouds,74.97,63,59,11.99,MX,2021-07-17 16:33:34
721,San Vicente,-26.6167,-54.1333,Clear,65.1,46,2,4.88,AR,2021-07-17 16:33:34
722,Sao Felix Do Xingu,-6.6447,-51.995,Clouds,97.45,24,11,3.96,BR,2021-07-17 16:33:34
723,Warrington,53.3925,-2.5802,Clear,86.11,57,0,4.0,GB,2021-07-17 16:32:45
724,Alenquer,-1.9417,-54.7383,Clear,86.34,45,0,6.26,BR,2021-07-17 16:33:34
